time,d0_x,d0_y,d0_z,d0_state,d1_x,d1_y,d1_z,d1_state,d2_x,d2_y,d2_z,d2_state,d3_x,d3_y,d3_z,d3_state,d4_x,d4_y,d4_z,d4_state,d5_x,d5_y,d5_z,d5_state,d6_x,d6_y,d6_z,d6_state,d7_x,d7_y,d7_z,d7_state,d8_x,d8_y,d8_z,d8_state,d9_x,d9_y,d9_z,d9_state,d10_x,d10_y,d10_z,d10_state,d11_x,d11_y,d11_z,d11_state,d12_x,d12_y,d12_z,d12_state,d13_x,d13_y,d13_z,d13_state,d14_x,d14_y,d14_z,d14_state,d15_x,d15_y,d15_z,d15_state,d16_x,d16_y,d16_z,d16_state,d17_x,d17_y,d17_z,d17_state,d18_x,d18_y,d18_z,d18_state,d19_x,d19_y,d19_z,d19_state,d20_x,d20_y,d20_z,d20_state,d21_x,d21_y,d21_z,d21_state,d22_x,d22_y,d22_z,d22_state,d23_x,d23_y,d23_z,d23_state,d24_x,d24_y,d24_z,d24_state,d25_x,d25_y,d25_z,d25_state,d26_x,d26_y,d26_z,d26_state,d27_x,d27_y,d27_z,d27_state,d28_x,d28_y,d28_z,d28_state,d29_x,d29_y,d29_z,d29_state,d30_x,d30_y,d30_z,d30_state,d31_x,d31_y,d31_z,d31_state,d32_x,d32_y,d32_z,d32_state,d33_x,d33_y,d33_z,d33_state,d34_x,d34_y,d34_z,d34_state,d35_x,d35_y,d35_z,d35_state,d36_x,d36_y,d36_z,d36_state,d37_x,d37_y,d37_z,d37_state,d38_x,d38_y,d38_z,d38_state,d39_x,d39_y,d39_z,d39_state,d40_x,d40_y,d40_z,d40_state,d41_x,d41_y,d41_z,d41_state,d42_x,d42_y,d42_z,d42_state,d43_x,d43_y,d43_z,d43_state,d44_x,d44_y,d44_z,d44_state,d45_x,d45_y,d45_z,d45_state,d46_x,d46_y,d46_z,d46_state,d47_x,d47_y,d47_z,d47_state,d48_x,d48_y,d48_z,d48_state,d49_x,d49_y,d49_z,d49_state,d50_x,d50_y,d50_z,d50_state,d51_x,d51_y,d51_z,d51_state,d52_x,d52_y,d52_z,d52_state,d53_x,d53_y,d53_z,d53_state,d54_x,d54_y,d54_z,d54_state,d55_x,d55_y,d55_z,d55_state,d56_x,d56_y,d56_z,d56_state,d57_x,d57_y,d57_z,d57_state,d58_x,d58_y,d58_z,d58_state,d59_x,d59_y,d59_z,d59_state,d60_x,d60_y,d60_z,d60_state,d61_x,d61_y,d61_z,d61_state,d62_x,d62_y,d62_z,d62_state,d63_x,d63_y,d63_z,d63_state,d64_x,d64_y,d64_z,d64_state,d65_x,d65_y,d65_z,d65_state,d66_x,d66_y,d66_z,d66_state,d67_x,d67_y,d67_z,d67_state,d68_x,d68_y,d68_z,d68_state,d69_x,d69_y,d69_z,d69_state,d70_x,d70_y,d70_z,d70_state,d71_x,d71_y,d71_z,d71_state,d72_x,d72_y,d72_z,d72_state,d73_x,d73_y,d73_z,d73_state,d74_x,d74_y,d74_z,d74_state,d75_x,d75_y,d75_z,d75_state,d76_x,d76_y,d76_z,d76_state,d77_x,d77_y,d77_z,d77_state,d78_x,d78_y,d78_z,d78_state,d79_x,d79_y,d79_z,d79_state,d80_x,d80_y,d80_z,d80_state,d81_x,d81_y,d81_z,d81_state,d82_x,d82_y,d82_z,d82_state,d83_x,d83_y,d83_z,d83_state,d84_x,d84_y,d84_z,d84_state
0.000,1.4000,1.1338,12.6000,NORMAIL,1.4000,1.1338,15.6000,NORMAIL,1.4000,1.1339,18.6000,NORMAIL,1.4000,1.1339,21.6000,NORMAIL,1.4000,1.1339,24.6000,NORMAIL,1.4000,1.1339,27.6000,NORMAIL,1.4000,1.1339,30.6000,NORMAIL,1.4000,1.1339,33.6000,NORMAIL,1.4000,1.1339,36.6000,NORMAIL,1.4000,1.1340,39.6000,NORMAIL,-1.6000,1.1341,33.6000,NORMAIL,-1.6000,1.1341,12.6000,NORMAIL,-1.6000,1.1341,15.6000,NORMAIL,-1.6000,1.1341,18.6000,NORMAIL,-1.6000,1.1340,21.6000,NORMAIL,-1.6000,1.1340,24.6000,NORMAIL,-1.6000,1.1340,27.6000,NORMAIL,-1.6000,1.1340,30.6000,NORMAIL,-1.6000,1.1340,36.6000,NORMAIL,-1.6000,1.1340,39.6000,NORMAIL,-4.6000,1.1343,12.6000,NORMAIL,-4.6000,1.1342,15.6000,NORMAIL,-4.6000,1.1342,18.6000,NORMAIL,-4.6000,1.1342,21.6000,NORMAIL,-4.6000,1.1342,24.6000,NORMAIL,-4.6000,1.1342,27.6000,NORMAIL,-4.6000,1.1342,30.6000,NORMAIL,-4.6000,1.1342,33.6000,NORMAIL,-4.6000,1.1341,36.6000,NORMAIL,-4.6000,1.1341,39.6000,NORMAIL,-7.6000,1.1344,12.6000,NORMAIL,-7.6000,1.1344,15.6000,NORMAIL,-7.6000,1.1344,18.6000,NORMAIL,-7.6000,1.1344,21.6000,NORMAIL,-7.6000,1.1343,24.6000,NORMAIL,-7.6000,1.1343,27.6000,NORMAIL,-7.6000,1.1343,30.6000,NORMAIL,-7.6000,1.1343,33.6000,NORMAIL,-7.6000,1.1343,36.6000,NORMAIL,-7.6000,1.1343,39.6000,NORMAIL,-10.6000,1.1345,12.6000,NORMAIL,-10.6000,1.1345,15.6000,NORMAIL,-10.6000,1.1345,18.6000,NORMAIL,-10.6000,1.1345,21.6000,NORMAIL,-10.6000,1.1345,24.6000,NORMAIL,-10.6000,1.1345,27.6000,NORMAIL,-10.6000,1.1345,30.6000,NORMAIL,-10.6000,1.1344,33.6000,NORMAIL,-10.6000,1.1344,36.6000,NORMAIL,-10.6000,1.1344,39.6000,NORMAIL,-13.6000,1.1347,12.6000,NORMAIL,-13.6000,1.1347,15.6000,NORMAIL,-13.6000,1.1346,18.6000,NORMAIL,-13.6000,1.1346,21.6000,NORMAIL,-13.6000,1.1346,24.6000,NORMAIL,-13.6000,1.1346,27.6000,NORMAIL,-13.6000,1.1346,30.6000,NORMAIL,-13.6000,1.1346,33.6000,NORMAIL,-13.6000,1.1346,36.6000,NORMAIL,-13.6000,1.1345,39.6000,NORMAIL,-16.6000,1.1348,12.6000,NORMAIL,-16.6000,1.1348,15.6000,NORMAIL,-16.6000,1.1348,18.6000,NORMAIL,-16.6000,1.1348,21.6000,NORMAIL,-16.6000,1.1348,24.6000,NORMAIL,-16.6000,1.1347,27.6000,NORMAIL,-16.6000,1.1347,30.6000,NORMAIL,-16.6000,1.1347,33.6000,NORMAIL,-16.6000,1.1347,36.6000,NORMAIL,-16.6000,1.1347,39.6000,NORMAIL,-19.6000,1.1349,12.6000,NORMAIL,-19.6000,1.1349,15.6000,NORMAIL,-19.6000,1.1349,18.6000,NORMAIL,-19.6000,1.1349,21.6000,NORMAIL,-19.6000,1.1349,24.6000,NORMAIL,-19.6000,1.1349,27.6000,NORMAIL,-19.6000,1.1349,30.6000,NORMAIL,-19.6000,1.1349,33.6000,NORMAIL,-19.6000,1.1348,36.6000,NORMAIL,-19.6000,1.1348,39.6000,NORMAIL,-22.6000,1.1339,21.1700,NORMAIL,-22.6000,1.1341,24.1700,NORMAIL,-22.6000,1.1344,27.1700,NORMAIL,-22.6000,1.1346,30.1700,NORMAIL,-22.6000,1.1348,33.1700,NORMAIL
0.500,17.8035,18.5320,13.4993,FOLLOW,16.5866,19.6180,15.3408,FOLLOW,18.4642,17.8708,17.4180,FOLLOW,18.6560,17.6055,19.6819,FOLLOW,18.5894,17.5971,22.0996,FOLLOW,18.2861,17.8291,24.6257,FOLLOW,17.8714,18.1627,27.2289,FOLLOW,17.3134,18.6128,29.8831,FOLLOW,16.6867,19.0954,32.5789,FOLLOW,15.9566,19.6264,35.2986,FOLLOW,11.8078,20.7249,30.6707,FOLLOW,12.3353,20.5421,13.7505,FOLLOW,9.0994,22.5167,15.2750,FOLLOW,8.9314,22.5708,17.4411,FOLLOW,10.1807,21.8488,19.5890,FOLLOW,10.4825,21.5948,21.8894,FOLLOW,9.6990,21.9444,24.2578,FOLLOW,12.6615,20.1660,28.0208,FOLLOW,10.8877,21.2704,33.3404,FOLLOW,9.9116,21.7891,36.0239,FOLLOW,4.9651,23.0342,13.3726,FOLLOW,3.0626,23.7775,15.2560,FOLLOW,3.1239,23.7304,17.4534,FOLLOW,6.1379,22.4340,19.9173,FOLLOW,4.7808,22.9975,22.2120,FOLLOW,3.4164,23.4501,24.5421,FOLLOW,6.3529,22.2780,28.4049,FOLLOW,5.2858,22.7562,31.0488,FOLLOW,4.1926,23.1788,33.7033,FOLLOW,3.0683,23.5463,36.3615,FOLLOW,-0.7661,24.0311,13.3364,FOLLOW,-3.5165,24.6839,15.2529,FOLLOW,-2.3668,24.4346,17.5355,FOLLOW,-0.1999,23.8136,20.0402,FOLLOW,-1.4596,24.1325,22.3952,FOLLOW,-2.5995,24.3428,24.8069,FOLLOW,-4.3478,24.6578,27.8708,FOLLOW,-0.6842,23.8907,31.1820,FOLLOW,-1.8585,24.1721,33.8129,FOLLOW,-3.0443,24.3871,36.4400,FOLLOW,-7.2169,24.7881,13.2440,FOLLOW,-5.9627,24.5836,15.4312,FOLLOW,-5.8398,24.5472,17.8335,FOLLOW,-6.3524,24.6198,20.2634,FOLLOW,-6.6060,24.6296,22.7533,FOLLOW,-6.7421,24.6119,25.2944,FOLLOW,-6.9270,24.6103,27.9957,FOLLOW,-7.0955,24.5924,30.6276,FOLLOW,-7.4588,24.5975,33.2821,FOLLOW,-6.8563,24.5312,36.4410,FOLLOW,-10.5174,24.8300,13.2098,FOLLOW,-11.3130,24.9251,15.2677,FOLLOW,-11.3821,24.9182,17.7326,FOLLOW,-12.0080,24.9365,20.0963,FOLLOW,-12.4570,24.9200,22.5319,FOLLOW,-12.3919,24.9254,25.6341,FOLLOW,-11.6799,24.8421,28.2312,FOLLOW,-10.7742,24.7043,30.7982,FOLLOW,-11.8332,24.8043,33.7764,FOLLOW,-10.6665,24.6449,36.4316,FOLLOW,-15.1556,24.9883,13.0916,FOLLOW,-17.3447,25.0233,15.2931,FOLLOW,-15.3943,24.9962,17.8992,FOLLOW,-15.5358,24.9819,20.3774,FOLLOW,-15.5816,24.9551,22.9050,FOLLOW,-15.5222,24.9182,25.4754,FOLLOW,-15.3284,24.8703,28.0817,FOLLOW,-17.8941,24.8616,31.0115,FOLLOW,-16.7611,24.8572,33.6751,FOLLOW,-15.6243,24.7952,36.3475,FOLLOW,-25.2951,24.3314,13.5759,FOLLOW,-22.6435,24.8420,15.3230,FOLLOW,-26.9298,23.8545,17.3166,FOLLOW,-27.7875,23.5021,19.5282,FOLLOW,-26.2452,24.0315,22.8393,FOLLOW,-25.4548,24.2105,25.4288,FOLLOW,-24.5634,24.3800,28.0566,FOLLOW,-23.6159,24.5218,30.7137,FOLLOW,-22.6228,24.6286,33.3917,FOLLOW,-21.5666,24.6962,36.0835,FOLLOW,-30.4588,23.6452,19.4202,FOLLOW,-30.5247,23.5695,21.8343,FOLLOW,-30.3842,23.5644,24.3574,FOLLOW,-30.0298,23.6309,26.9583,FOLLOW,-29.3761,23.7838,29.6096,FOLLOW
1.000,35.5391,37.4169,14.4715,FOLLOW,32.5641,39.1563,15.0681,FOLLOW,36.9237,35.9341,15.6861,FOLLOW,37.2427,35.4920,17.6104,FOLLOW,37.1566,35.4518,19.7456,FOLLOW,36.5670,35.9245,21.5974,FOLLOW,35.7008,36.6295,23.5799,FOLLOW,34.5399,37.5650,25.8596,FOLLOW,33.2355,38.5686,28.2258,FOLLOW,31.7155,39.6731,30.6420,FOLLOW,26.3236,41.9591,27.4993,FOLLOW,25.4213,38.8538,14.8308,FOLLOW,17.2934,38.9573,14.9450,FOLLOW,20.2979,45.7809,16.4455,FOLLOW,22.9442,44.2882,17.2638,FOLLOW,23.5302,43.7943,19.1112,FOLLOW,21.9234,44.5027,20.6419,FOLLOW,28.1014,40.7959,25.2285,FOLLOW,24.4077,43.0945,29.8112,FOLLOW,22.3749,44.1743,32.1522,FOLLOW,15.3077,46.7719,14.2079,FOLLOW,8.2882,39.2882,14.9822,FOLLOW,11.4713,48.1820,16.3843,FOLLOW,17.7557,45.5205,18.0966,FOLLOW,14.9304,46.6927,19.6284,FOLLOW,12.0899,47.6344,21.2334,FOLLOW,18.2114,45.1917,26.0283,FOLLOW,15.9891,46.1874,28.2867,FOLLOW,13.7124,47.0672,30.5671,FOLLOW,11.3708,47.8323,32.8551,FOLLOW,6.6237,48.8440,14.1326,FOLLOW,-0.7849,40.4985,15.0206,FOLLOW,3.2926,49.6831,16.3843,FOLLOW,7.8070,48.3904,18.3525,FOLLOW,5.1846,49.0537,20.0095,FOLLOW,2.8114,49.4913,21.7846,FOLLOW,-0.8277,50.1464,24.9167,FOLLOW,6.8036,48.5491,28.5640,FOLLOW,4.3579,49.1350,30.7954,FOLLOW,1.8881,49.5826,33.0188,FOLLOW,-3.5574,50.4179,13.9406,FOLLOW,-0.9675,49.9499,14.9050,FOLLOW,-0.5347,49.8000,17.1359,FOLLOW,-1.8805,50.0002,18.7815,FOLLOW,-2.3450,50.0753,21.0481,FOLLOW,-2.5666,50.0507,22.7990,FOLLOW,-2.9511,50.0473,25.1766,FOLLOW,-3.3019,50.0101,27.4100,FOLLOW,-4.0584,50.0207,29.6904,FOLLOW,-2.8030,49.8825,33.0208,FOLLOW,-7.1821,50.5036,13.8680,FOLLOW,-9.6360,42.4404,15.0245,FOLLOW,-8.9826,50.6882,16.7941,FOLLOW,-10.2854,50.7263,18.4693,FOLLOW,-11.2202,50.6919,20.2941,FOLLOW,-11.0841,50.7031,23.5060,FOLLOW,-9.6014,50.5296,25.6668,FOLLOW,-7.7151,50.2430,27.7651,FOLLOW,-9.9203,50.4509,30.7193,FOLLOW,-7.4904,50.1191,33.0011,FOLLOW,-13.5925,50.8338,13.6235,FOLLOW,-17.9772,45.3938,15.0324,FOLLOW,-14.1010,50.8488,17.1012,FOLLOW,-14.3751,50.8212,19.0821,FOLLOW,-14.4765,50.7659,21.0819,FOLLOW,-14.3556,50.6880,23.1757,FOLLOW,-13.9520,50.5883,25.3557,FOLLOW,-19.2950,50.5701,28.2091,FOLLOW,-16.9355,50.5610,30.5084,FOLLOW,-14.5680,50.4320,32.8261,FOLLOW,-31.4458,49.4694,14.6298,FOLLOW,-25.6434,48.2984,15.0499,FOLLOW,-34.8519,48.4773,15.9294,FOLLOW,-36.6409,47.7434,17.2880,FOLLOW,-33.4377,48.8420,20.9336,FOLLOW,-31.7921,49.2145,23.0785,FOLLOW,-29.9363,49.5673,25.3034,FOLLOW,-27.9632,49.8627,27.5892,FOLLOW,-25.8951,50.0849,29.9184,FOLLOW,-23.6956,50.2257,32.2765,FOLLOW,-38.9670,48.0260,17.3946,FOLLOW,-39.0802,47.8958,19.3872,FOLLOW,-38.8167,47.8735,21.3696,FOLLOW,-38.0703,48.0089,23.4826,FOLLOW,-36.7099,48.3267,25.7563,FOLLOW
1.500,44.4208,46.9219,14.9584,FOLLOW,36.5510,44.0866,15.0000,COMPLED,51.1834,50.3195,14.8304,FOLLOW,55.0491,52.3820,15.2156,FOLLOW,55.1079,52.4245,17.5466,FOLLOW,53.9934,53.2743,18.9753,FOLLOW,52.7288,54.4650,20.2400,FOLLOW,51.0861,55.8050,21.9950,FOLLOW,49.1325,57.3067,24.0442,FOLLOW,46.8546,58.9604,26.1685,FOLLOW,40.2699,62.3845,24.4523,FOLLOW,27.4705,41.7667,15.0000,COMPLED,18.1523,40.7289,15.0000,COMPLED,29.6282,64.8863,15.1988,FOLLOW,34.4864,64.8447,15.1508,FOLLOW,36.0548,65.0067,16.5172,FOLLOW,33.6506,66.2092,17.1730,FOLLOW,42.9349,60.6420,22.5458,FOLLOW,37.3975,64.0859,26.4205,FOLLOW,34.3498,65.7041,28.4322,FOLLOW,23.7700,66.2743,14.8914,FOLLOW,8.7659,40.7401,15.0000,COMPLED,18.4647,68.7916,15.2008,FOLLOW,28.9030,67.7313,16.3497,FOLLOW,24.6695,69.4857,17.1492,FOLLOW,20.4132,70.8952,18.0584,FOLLOW,29.6055,67.2287,23.7448,FOLLOW,26.2732,68.7209,25.6328,FOLLOW,22.8594,70.0396,27.5537,FOLLOW,19.3483,71.1864,29.4860,FOLLOW,13.2567,71.2011,14.8473,FOLLOW,-0.5422,41.9440,15.0000,COMPLED,8.6170,73.5220,15.3013,FOLLOW,15.4913,72.0268,16.7329,FOLLOW,11.5616,73.0199,17.7197,FOLLOW,8.0053,73.6750,18.8835,FOLLOW,2.7906,74.6066,22.2964,FOLLOW,13.9982,72.2609,26.0485,FOLLOW,10.3308,73.1391,27.8959,FOLLOW,6.6274,73.8100,29.7314,FOLLOW,-0.0481,75.0632,14.6086,FOLLOW,3.7292,74.3224,14.6818,FOLLOW,4.6380,74.0257,16.6189,FOLLOW,2.4957,74.3324,16.7758,FOLLOW,1.9476,74.3427,18.6992,FOLLOW,0.9784,74.2178,20.5469,FOLLOW,0.7852,74.3313,22.9561,FOLLOW,0.2462,74.4454,24.7082,FOLLOW,-0.8225,74.4674,26.3986,FOLLOW,1.0916,74.2595,29.7345,FOLLOW,-3.9836,75.1920,14.5015,FOLLOW,-9.4704,44.2081,15.0000,COMPLED,-6.6801,75.4675,15.8935,FOLLOW,-8.6228,75.5263,16.8244,FOLLOW,-10.0425,75.4709,18.2324,FOLLOW,-9.8278,75.4896,21.4618,FOLLOW,-7.6047,75.2296,23.2033,FOLLOW,-4.7763,74.7999,24.8512,FOLLOW,-8.0823,75.1116,27.7821,FOLLOW,-4.4387,74.6142,29.7050,FOLLOW,-12.0622,75.6389,13.7778,FOLLOW,-18.0557,47.9652,15.0000,COMPLED,-12.7483,75.5529,15.6545,FOLLOW,-13.2372,75.4806,17.8197,FOLLOW,-14.0564,75.3313,19.6382,FOLLOW,-13.1086,75.3240,21.4038,FOLLOW,-12.4999,75.2743,23.3082,FOLLOW,-20.6410,75.2901,25.5167,FOLLOW,-17.1030,75.2766,27.4659,FOLLOW,-13.5530,75.0830,29.4427,FOLLOW,-33.6060,58.3653,15.0000,COMPLED,-26.1916,52.6326,15.0000,COMPLED,-39.6798,63.5429,15.0840,FOLLOW,-44.2664,68.7293,15.3631,FOLLOW,-40.3454,72.7008,19.1034,FOLLOW,-37.8791,73.2587,20.8212,FOLLOW,-35.0973,73.7873,22.6588,FOLLOW,-32.1394,74.2299,24.5877,FOLLOW,-29.0388,74.5629,26.5818,FOLLOW,-25.7410,74.7739,28.6190,FOLLOW,-46.9230,71.3792,15.1887,FOLLOW,-47.6225,70.9178,16.9734,FOLLOW,-46.8755,71.0629,18.9532,FOLLOW,-45.5906,71.4753,20.5203,FOLLOW,-43.7522,71.9291,22.0561,FOLLOW
2.000,45.1791,47.7730,15.0000,COMPLED,36.5510,44.0866,15.0000,COMPLED,53.3720,52.3527,15.0000,COMPLED,60.7768,58.0947,15.0000,COMPLED,66.2865,63.5172,15.2265,FOLLOW,69.8784,69.1313,15.6453,FOLLOW,69.8591,72.2150,16.6343,FOLLOW,67.6046,74.0714,18.1368,FOLLOW,65.0068,76.0651,19.8685,FOLLOW,61.9749,78.2637,21.7005,FOLLOW,54.2015,82.8205,21.4086,FOLLOW,27.4705,41.7667,15.0000,COMPLED,18.1523,40.7289,15.0000,COMPLED,31.1156,67.9766,15.0000,COMPLED,37.0629,69.3847,15.0000,COMPLED,41.1912,73.8907,15.0000,COMPLED,40.3836,78.7243,15.1814,FOLLOW,57.7515,80.5010,19.8662,FOLLOW,50.3744,85.0858,23.0332,FOLLOW,46.3133,87.2407,24.7157,FOLLOW,25.1150,69.4185,15.0000,COMPLED,8.7659,40.7401,15.0000,COMPLED,19.6510,72.3331,15.0000,COMPLED,36.6581,83.2487,15.1344,FOLLOW,32.1511,87.0678,15.2447,FOLLOW,27.3714,90.4191,15.4041,FOLLOW,40.9891,89.2713,21.4634,FOLLOW,36.5482,91.2590,22.9812,FOLLOW,31.9984,93.0156,24.5430,FOLLOW,27.3189,94.5433,26.1198,FOLLOW,14.6736,76.0263,15.0000,COMPLED,-0.5422,41.9440,15.0000,COMPLED,10.0980,80.2095,15.0000,COMPLED,22.4163,93.4106,15.2732,FOLLOW,17.6668,96.0498,15.5275,FOLLOW,13.1743,97.8243,15.9962,FOLLOW,6.3994,99.0291,19.5247,FOLLOW,21.1867,95.9747,23.5352,FOLLOW,16.2987,97.1448,24.9990,FOLLOW,11.3626,98.0387,26.4469,FOLLOW,1.8431,88.3940,14.9686,FOLLOW,5.8781,84.7520,15.0000,COMPLED,9.2947,98.4187,15.5896,FOLLOW,7.1346,98.6245,14.9353,FOLLOW,6.2530,98.6382,16.9150,FOLLOW,4.5448,98.3876,18.0082,FOLLOW,4.4549,98.3212,20.1671,FOLLOW,3.7034,98.8606,22.0377,FOLLOW,2.3056,98.8982,23.4945,FOLLOW,4.9829,98.6375,26.4510,FOLLOW,-1.7227,92.7096,14.9494,FOLLOW,-9.4704,44.2081,15.0000,COMPLED,-4.7119,96.7299,15.1237,FOLLOW,-7.0177,99.6610,15.3617,FOLLOW,-8.8640,100.2401,16.0522,FOLLOW,-8.5731,100.2764,19.4201,FOLLOW,-5.6103,99.9301,20.7428,FOLLOW,-1.8410,99.3577,21.9408,FOLLOW,-6.2460,99.7726,24.8474,FOLLOW,-1.3896,99.1099,26.4118,FOLLOW,-10.2549,100.2914,13.3337,FOLLOW,-18.0557,47.9652,15.0000,COMPLED,-11.5336,100.1776,15.1755,FOLLOW,-11.7662,99.9340,17.1391,FOLLOW,-13.8226,99.9020,18.2123,FOLLOW,-12.0396,99.9261,19.2148,FOLLOW,-10.9615,99.9111,21.1578,FOLLOW,-21.9856,100.0105,22.8270,FOLLOW,-17.2704,99.9924,24.4263,FOLLOW,-12.5390,99.7346,26.0624,FOLLOW,-33.6060,58.3653,15.0000,COMPLED,-26.1916,52.6326,15.0000,COMPLED,-40.1597,65.0807,15.0000,COMPLED,-45.6829,72.6468,15.0000,COMPLED,-47.2410,96.5634,17.2763,FOLLOW,-43.9569,97.3056,18.5672,FOLLOW,-40.2513,98.0092,20.0177,FOLLOW,-36.3104,98.5984,21.5899,FOLLOW,-32.1790,99.0418,23.2488,FOLLOW,-27.7842,99.3228,24.9654,FOLLOW,-50.3116,80.8038,15.0000,COMPLED,-53.1634,87.5698,15.1859,FOLLOW,-54.4429,93.2580,15.8515,FOLLOW,-53.3140,94.8507,17.0464,FOLLOW,-50.7801,95.5369,18.3634,FOLLOW
2.500,45.1791,47.7730,15.0000,COMPLED,36.5510,44.0866,15.0000,COMPLED,53.3720,52.3527,15.0000,COMPLED,60.7768,58.0947,15.0000,COMPLED,67.3957,64.6641,15.0000,COMPLED,72.9337,72.2207,15.0000,COMPLED,77.6231,80.3373,15.0000,COMPLED,79.6211,87.4280,15.3301,FOLLOW,80.0671,93.9465,15.9070,FOLLOW,77.0617,97.5954,17.2425,FOLLOW,68.1109,103.2721,18.3697,FOLLOW,27.4705,41.7667,15.0000,COMPLED,18.1523,40.7289,15.0000,COMPLED,31.1156,67.9766,15.0000,COMPLED,37.0629,69.3847,15.0000,COMPLED,41.1912,73.8907,15.0000,COMPLED,40.9968,79.9039,15.0000,COMPLED,72.5411,100.3807,17.1915,FOLLOW,63.3327,106.0979,19.6507,FOLLOW,58.2609,108.7870,21.0041,FOLLOW,25.1150,69.4185,15.0000,COMPLED,8.7659,40.7401,15.0000,COMPLED,19.6510,72.3331,15.0000,COMPLED,37.5159,85.0061,15.0000,COMPLED,33.1122,89.3685,15.0000,COMPLED,28.4308,93.4356,15.0000,COMPLED,52.3584,111.3214,19.1848,FOLLOW,46.8107,113.8030,20.3328,FOLLOW,41.1268,115.9963,21.5357,FOLLOW,35.2804,117.9039,22.7574,FOLLOW,14.6736,76.0263,15.0000,COMPLED,-0.5422,41.9440,15.0000,COMPLED,10.0980,80.2095,15.0000,COMPLED,23.7125,97.4601,15.0000,COMPLED,19.1360,101.6440,15.0000,COMPLED,14.9579,106.2211,15.0000,COMPLED,9.7890,123.4126,16.5364,FOLLOW,28.3672,119.6913,21.0247,FOLLOW,22.2600,121.1525,22.1052,FOLLOW,16.0926,122.2688,23.1660,FOLLOW,2.0080,89.5960,15.0000,COMPLED,5.8781,84.7520,15.0000,COMPLED,11.5698,110.4706,15.0452,FOLLOW,10.1718,115.5838,14.8253,FOLLOW,9.8433,120.1478,15.1692,FOLLOW,8.5299,122.0672,15.6048,FOLLOW,8.0085,122.5497,17.4809,FOLLOW,7.4026,123.1277,19.2973,FOLLOW,5.2777,123.2838,19.9843,FOLLOW,8.8698,123.0166,23.1712,FOLLOW,-1.4672,94.7301,15.0000,COMPLED,-9.4704,44.2081,15.0000,COMPLED,-4.3955,100.1922,15.0000,COMPLED,-6.6125,105.9807,15.0000,COMPLED,-8.2942,111.9484,15.0000,COMPLED,-7.3207,125.0636,17.3822,FOLLOW,-3.6193,124.6312,18.2865,FOLLOW,1.0895,123.9167,19.0352,FOLLOW,-4.4118,124.4342,21.9162,FOLLOW,1.6560,123.6066,23.1223,FOLLOW,-9.5254,116.3666,14.7530,FOLLOW,-18.0557,47.9652,15.0000,COMPLED,-10.7286,121.1491,14.3458,FOLLOW,-10.5228,123.3427,15.7395,FOLLOW,-12.3865,124.4577,15.8009,FOLLOW,-11.3464,124.2917,17.8815,FOLLOW,-9.4342,124.4932,18.4275,FOLLOW,-23.3284,124.7314,20.1410,FOLLOW,-17.4376,124.7088,21.3907,FOLLOW,-11.5262,124.3868,22.6862,FOLLOW,-33.6060,58.3653,15.0000,COMPLED,-26.1916,52.6326,15.0000,COMPLED,-40.1597,65.0807,15.0000,COMPLED,-45.6829,72.6468,15.0000,COMPLED,-53.9794,119.9665,15.4909,FOLLOW,-50.0191,121.3569,16.3191,FOLLOW,-45.3945,122.2339,17.3822,FOLLOW,-40.4739,122.9688,18.5975,FOLLOW,-35.3141,123.5221,19.9213,FOLLOW,-29.8245,123.8728,21.3171,FOLLOW,-50.3116,80.8038,15.0000,COMPLED,-53.7117,89.5447,15.0000,COMPLED,-56.2818,98.5576,15.0000,COMPLED,-57.3529,106.7570,15.1591,FOLLOW,-56.4027,114.4991,15.4092,FOLLOW
3.000,45.1791,47.7730,15.0000,COMPLED,36.5510,44.0866,15.0000,COMPLED,53.3720,52.3527,15.0000,COMPLED,60.7768,58.0947,15.0000,COMPLED,67.3957,64.6641,15.0000,COMPLED,72.9337,72.2207,15.0000,COMPLED,77.6231,80.3373,15.0000,COMPLED,81.0345,89.0404,15.0000,COMPLED,83.5152,98.0915,15.0000,COMPLED,84.6506,107.4027,15.0000,COMPLED,80.9353,122.2124,15.5679,FOLLOW,27.4705,41.7667,15.0000,COMPLED,18.1523,40.7289,15.0000,COMPLED,31.1156,67.9766,15.0000,COMPLED,37.0629,69.3847,15.0000,COMPLED,41.1912,73.8907,15.0000,COMPLED,40.9968,79.9039,15.0000,COMPLED,83.3715,115.0074,15.2328,FOLLOW,76.2562,127.1328,16.2773,FOLLOW,70.1816,130.3495,17.3010,FOLLOW,25.1150,69.4185,15.0000,COMPLED,8.7659,40.7401,15.0000,COMPLED,19.6510,72.3331,15.0000,COMPLED,37.5159,85.0061,15.0000,COMPLED,33.1122,89.3685,15.0000,COMPLED,28.4308,93.4356,15.0000,COMPLED,63.7051,133.3837,16.9108,FOLLOW,57.0544,136.3561,17.6893,FOLLOW,50.2394,138.9839,18.5336,FOLLOW,43.2289,141.2697,19.4005,FOLLOW,14.6736,76.0263,15.0000,COMPLED,-0.5422,41.9440,15.0000,COMPLED,10.0980,80.2095,15.0000,COMPLED,23.7125,97.4601,15.0000,COMPLED,19.1360,101.6440,15.0000,COMPLED,14.9579,106.2211,15.0000,COMPLED,10.9894,136.1022,15.0000,COMPLED,35.5361,143.4117,18.5182,FOLLOW,28.2118,145.1631,19.2161,FOLLOW,20.8151,146.5011,19.8903,FOLLOW,2.0080,89.5960,15.0000,COMPLED,5.8781,84.7520,15.0000,COMPLED,11.7585,111.5100,15.0000,COMPLED,10.3743,117.5348,15.0000,COMPLED,10.1622,123.7287,15.0000,COMPLED,10.4831,129.9213,15.0000,COMPLED,10.8868,139.9669,15.2561,FOLLOW,10.7044,144.6510,15.7732,FOLLOW,8.8105,147.3367,16.1329,FOLLOW,12.7505,147.3974,19.8966,FOLLOW,-1.4672,94.7301,15.0000,COMPLED,-9.4704,44.2081,15.0000,COMPLED,-4.3955,100.1922,15.0000,COMPLED,-6.6125,105.9807,15.0000,COMPLED,-8.2942,111.9484,15.0000,COMPLED,-6.1315,148.6865,15.4470,FOLLOW,-1.6382,149.2924,15.8422,FOLLOW,4.0109,148.4778,16.1386,FOLLOW,-2.5808,149.0967,18.9900,FOLLOW,4.6967,148.1046,19.8381,FOLLOW,-9.5480,118.0207,15.0000,COMPLED,-18.0557,47.9652,15.0000,COMPLED,-10.4064,124.1616,15.0000,COMPLED,-10.8549,130.3457,15.0000,COMPLED,-10.8322,136.5455,15.0000,COMPLED,-10.3919,140.8800,15.2927,FOLLOW,-8.7206,145.3803,15.4986,FOLLOW,-24.6683,149.4531,17.4607,FOLLOW,-17.6044,149.4258,18.3608,FOLLOW,-10.5152,149.0398,19.3160,FOLLOW,-33.6060,58.3653,15.0000,COMPLED,-26.1916,52.6326,15.0000,COMPLED,-40.1597,65.0807,15.0000,COMPLED,-45.6829,72.6468,15.0000,COMPLED,-55.8323,126.4576,15.0000,COMPLED,-53.2905,134.3852,15.1059,FOLLOW,-49.4834,141.5678,15.2869,FOLLOW,-44.4828,146.5188,15.7163,FOLLOW,-38.4403,148.0049,16.6031,FOLLOW,-31.8599,148.4244,17.6774,FOLLOW,-50.3116,80.8038,15.0000,COMPLED,-53.7117,89.5447,15.0000,COMPLED,-56.2818,98.5576,15.0000,COMPLED,-57.6935,107.8006,15.0000,COMPLED,-57.1814,117.1683,15.0000,COMPLED
3.500,45.1791,47.7730,15.0000,COMPLED,36.5510,44.0866,15.0000,COMPLED,53.3720,52.3527,15.0000,COMPLED,60.7768,58.0947,15.0000,COMPLED,67.3957,64.6641,15.0000,COMPLED,72.9337,72.2207,15.0000,COMPLED,77.6231,80.3373,15.0000,COMPLED,81.0345,89.0404,15.0000,COMPLED,83.5152,98.0915,15.0000,COMPLED,84.6506,107.4027,15.0000,COMPLED,83.5344,126.0995,15.0000,COMPLED,27.4705,41.7667,15.0000,COMPLED,18.1523,40.7289,15.0000,COMPLED,31.1156,67.9766,15.0000,COMPLED,37.0629,69.3847,15.0000,COMPLED,41.1912,73.8907,15.0000,COMPLED,40.9968,79.9039,15.0000,COMPLED,84.6585,116.7871,15.0000,COMPLED,81.1494,135.1654,15.0000,COMPLED,76.9734,142.6871,15.1911,FOLLOW,25.1150,69.4185,15.0000,COMPLED,8.7659,40.7401,15.0000,COMPLED,19.6510,72.3331,15.0000,COMPLED,37.5159,85.0061,15.0000,COMPLED,33.1122,89.3685,15.0000,COMPLED,28.4308,93.4356,15.0000,COMPLED,72.1964,149.9646,15.2090,FOLLOW,65.9709,156.0681,15.3883,FOLLOW,58.9241,160.9767,15.6725,FOLLOW,51.1145,164.5334,16.0702,FOLLOW,14.6736,76.0263,15.0000,COMPLED,-0.5422,41.9440,15.0000,COMPLED,10.0980,80.2095,15.0000,COMPLED,23.7125,97.4601,15.0000,COMPLED,19.1360,101.6440,15.0000,COMPLED,14.9579,106.2211,15.0000,COMPLED,10.9894,136.1022,15.0000,COMPLED,42.6840,167.1393,16.0190,FOLLOW,34.1467,169.1788,16.3351,FOLLOW,25.5245,170.7371,16.6237,FOLLOW,2.0080,89.5960,15.0000,COMPLED,5.8781,84.7520,15.0000,COMPLED,11.7585,111.5100,15.0000,COMPLED,10.3743,117.5348,15.0000,COMPLED,10.1622,123.7287,15.0000,COMPLED,10.4831,129.9213,15.0000,COMPLED,11.4014,142.2897,15.0000,COMPLED,11.3296,148.4867,15.0000,COMPLED,9.8498,154.4703,15.0000,COMPLED,16.6204,171.7811,16.6311,FOLLOW,-1.4672,94.7301,15.0000,COMPLED,-9.4704,44.2081,15.0000,COMPLED,-4.3955,100.1922,15.0000,COMPLED,-6.6125,105.9807,15.0000,COMPLED,-8.2942,111.9484,15.0000,COMPLED,-5.8568,154.1944,15.0000,COMPLED,-0.9555,157.8540,15.0000,COMPLED,5.1592,158.2021,15.0000,COMPLED,-0.7556,173.7606,16.0731,FOLLOW,7.7287,172.6049,16.5633,FOLLOW,-9.5480,118.0207,15.0000,COMPLED,-18.0557,47.9652,15.0000,COMPLED,-10.4064,124.1616,15.0000,COMPLED,-10.8549,130.3457,15.0000,COMPLED,-10.8322,136.5455,15.0000,COMPLED,-10.2082,142.7123,15.0000,COMPLED,-8.7229,148.7251,15.0000,COMPLED,-25.7472,169.4336,15.3027,FOLLOW,-17.7583,172.2992,15.5673,FOLLOW,-9.5182,173.4353,15.9924,FOLLOW,-33.6060,58.3653,15.0000,COMPLED,-26.1916,52.6326,15.0000,COMPLED,-40.1597,65.0807,15.0000,COMPLED,-45.6829,72.6468,15.0000,COMPLED,-55.8323,126.4576,15.0000,COMPLED,-53.5760,135.5617,15.0000,COMPLED,-50.0433,144.2578,15.0000,COMPLED,-45.4794,152.4266,15.0000,COMPLED,-39.9507,159.9145,15.0000,COMPLED,-33.2151,164.8333,15.2541,FOLLOW,-50.3116,80.8038,15.0000,COMPLED,-53.7117,89.5447,15.0000,COMPLED,-56.2818,98.5576,15.0000,COMPLED,-57.6935,107.8006,15.0000,COMPLED,-57.1814,117.1683,15.0000,COMPLED
4.000,45.1791,47.7730,15.0000,COMPLED,36.5510,44.0866,15.0000,COMPLED,53.3720,52.3527,15.0000,COMPLED,60.7768,58.0947,15.0000,COMPLED,67.3957,64.6641,15.0000,COMPLED,72.9337,72.2207,15.0000,COMPLED,77.6231,80.3373,15.0000,COMPLED,81.0345,89.0404,15.0000,COMPLED,83.5152,98.0915,15.0000,COMPLED,84.6506,107.4027,15.0000,COMPLED,83.5344,126.0995,15.0000,COMPLED,27.4705,41.7667,15.0000,COMPLED,18.1523,40.7289,15.0000,COMPLED,33.1285,68.9045,15.0000,COMPLED,38.9840,70.5801,15.0000,COMPLED,42.8860,75.2559,15.0000,COMPLED,42.4155,81.2329,15.0000,COMPLED,84.6585,116.7871,15.0000,COMPLED,81.1494,135.1654,15.0000,COMPLED,77.5885,143.8443,15.0000,COMPLED,27.0887,70.0634,15.0000,COMPLED,8.7659,40.7401,15.0000,COMPLED,21.5152,72.7131,15.0000,COMPLED,38.7154,86.1516,15.0000,COMPLED,34.1307,90.2914,15.0000,COMPLED,29.2831,94.1244,15.0000,COMPLED,73.2393,152.0429,15.0000,COMPLED,67.4755,159.4397,15.0000,COMPLED,60.9654,166.1978,15.0000,COMPLED,53.6485,172.0702,15.0000,COMPLED,16.3902,76.1603,15.0000,COMPLED,-0.5422,41.9440,15.0000,COMPLED,11.6426,80.1138,15.0000,COMPLED,24.4008,97.9134,15.0000,COMPLED,19.6523,101.8675,15.0000,COMPLED,15.2823,106.2314,15.0000,COMPLED,9.9553,135.7943,15.0000,COMPLED,45.5985,176.8860,15.0000,COMPLED,36.8971,180.3870,15.0000,COMPLED,27.8654,182.8667,15.0000,COMPLED,2.8351,89.2282,15.0000,COMPLED,6.8532,84.5283,15.0000,COMPLED,11.8271,111.3941,15.0000,COMPLED,10.2476,117.3533,15.0000,COMPLED,9.8308,123.5199,15.0000,COMPLED,9.9453,129.7030,15.0000,COMPLED,10.4504,142.0615,15.0000,COMPLED,10.1733,148.2359,15.0000,COMPLED,8.4999,154.1509,15.0000,COMPLED,18.5534,184.0437,15.0000,COMPLED,-0.7990,94.2303,15.0000,COMPLED,-9.4704,44.2081,15.0000,COMPLED,-3.8989,99.5774,15.0000,COMPLED,-6.3006,105.2735,15.0000,COMPLED,-8.1747,111.1660,15.0000,COMPLED,-7.1463,153.3550,15.0000,COMPLED,-2.3824,157.1652,15.0000,COMPLED,3.7008,157.7150,15.0000,COMPLED,-0.0841,182.9007,15.0000,COMPLED,9.1761,184.3807,15.0000,COMPLED,-9.6258,117.1769,15.0000,COMPLED,-18.0557,47.9652,15.0000,COMPLED,-10.6851,123.2693,15.0000,COMPLED,-11.3372,129.4184,15.0000,COMPLED,-11.5202,135.5987,15.0000,COMPLED,-11.1028,141.7661,15.0000,COMPLED,-9.8217,147.8085,15.0000,COMPLED,-25.8985,172.2789,15.0000,COMPLED,-17.7895,176.9923,15.0000,COMPLED,-9.2205,180.7780,15.0000,COMPLED,-33.6060,58.3653,15.0000,COMPLED,-26.1916,52.6326,15.0000,COMPLED,-40.1597,65.0807,15.0000,COMPLED,-45.6829,72.6468,15.0000,COMPLED,-55.8323,126.4576,15.0000,COMPLED,-53.5760,135.5617,15.0000,COMPLED,-50.0433,144.2578,15.0000,COMPLED,-45.4794,152.4266,15.0000,COMPLED,-39.9507,159.9145,15.0000,COMPLED,-33.3572,166.5942,15.0000,COMPLED,-50.3116,80.8038,15.0000,COMPLED,-53.7117,89.5447,15.0000,COMPLED,-56.2818,98.5576,15.0000,COMPLED,-57.6935,107.8006,15.0000,COMPLED,-57.1814,117.1683,15.0000,COMPLED
4.500,45.1791,47.7730,15.0000,COMPLED,36.5510,44.0866,15.0000,COMPLED,53.3720,52.3527,15.0000,COMPLED,60.7768,58.0947,15.0000,COMPLED,67.3957,64.6641,15.0000,COMPLED,72.9337,72.2207,15.0000,COMPLED,77.6231,80.3373,15.0000,COMPLED,81.0345,89.0404,15.0000,COMPLED,83.5152,98.0915,15.0000,COMPLED,84.6506,107.4027,15.0000,COMPLED,83.5344,126.0995,15.0000,COMPLED,27.4705,41.7667,15.0000,COMPLED,18.1523,40.7289,15.0000,COMPLED,51.5968,81.4150,15.0000,COMPLED,56.0493,85.5819,15.0000,COMPLED,57.3913,91.5301,15.0000,COMPLED,54.2427,96.6413,15.0000,COMPLED,84.6585,116.7871,15.0000,COMPLED,81.1494,135.1654,15.0000,COMPLED,77.5885,143.8443,15.0000,COMPLED,45.6856,79.6897,15.0000,COMPLED,8.7659,40.7401,15.0000,COMPLED,39.5093,79.5058,15.0000,COMPLED,48.6997,99.3346,15.0000,COMPLED,42.7240,100.9300,15.0000,COMPLED,36.6542,102.1320,15.0000,COMPLED,73.2393,152.0429,15.0000,COMPLED,67.4755,159.4397,15.0000,COMPLED,60.9654,166.1978,15.0000,COMPLED,53.6485,172.0702,15.0000,COMPLED,33.3684,80.2374,15.0000,COMPLED,-0.5422,41.9440,15.0000,COMPLED,27.3328,81.5924,15.0000,COMPLED,30.5735,103.2789,15.0000,COMPLED,24.5367,104.6341,15.0000,COMPLED,18.6500,106.5272,15.0000,COMPLED,0.4042,130.4375,15.0000,COMPLED,45.5985,176.8860,15.0000,COMPLED,36.8971,180.3870,15.0000,COMPLED,27.8654,182.8667,15.0000,COMPLED,15.6748,85.7116,15.0000,COMPLED,21.4271,83.4349,15.0000,COMPLED,13.2582,109.5218,15.0000,COMPLED,9.0735,114.0533,15.0000,COMPLED,5.8200,119.3121,15.0000,COMPLED,3.0289,124.8339,15.0000,COMPLED,-2.3056,136.0002,15.0000,COMPLED,-5.4391,141.3312,15.0000,COMPLED,-9.6860,145.7796,15.0000,COMPLED,18.5534,184.0437,15.0000,COMPLED,10.1208,88.4356,15.0000,COMPLED,-9.4704,44.2081,15.0000,COMPLED,4.8778,91.7145,15.0000,COMPLED,0.0891,95.6286,15.0000,COMPLED,-4.3249,99.9631,15.0000,COMPLED,-23.1513,137.7565,15.0000,COMPLED,-20.7205,143.3548,15.0000,COMPLED,-15.5977,146.6867,15.0000,COMPLED,-0.0841,182.9007,15.0000,COMPLED,9.1761,184.3807,15.0000,COMPLED,-8.4202,104.6005,15.0000,COMPLED,-18.0557,47.9652,15.0000,COMPLED,-12.2069,109.4931,15.0000,COMPLED,-15.6602,114.6263,15.0000,COMPLED,-18.7132,120.0065,15.0000,COMPLED,-21.2291,125.6563,15.0000,COMPLED,-22.9229,131.5996,15.0000,COMPLED,-25.8985,172.2789,15.0000,COMPLED,-17.7895,176.9923,15.0000,COMPLED,-9.2205,180.7780,15.0000,COMPLED,-33.6060,58.3653,15.0000,COMPLED,-26.1916,52.6326,15.0000,COMPLED,-40.1597,65.0807,15.0000,COMPLED,-45.6829,72.6468,15.0000,COMPLED,-55.8323,126.4576,15.0000,COMPLED,-53.5760,135.5617,15.0000,COMPLED,-50.0433,144.2578,15.0000,COMPLED,-45.4794,152.4266,15.0000,COMPLED,-39.9507,159.9145,15.0000,COMPLED,-33.3572,166.5942,15.0000,COMPLED,-50.3116,80.8038,15.0000,COMPLED,-53.7117,89.5447,15.0000,COMPLED,-56.2818,98.5576,15.0000,COMPLED,-57.6935,107.8006,15.0000,COMPLED,-57.1814,117.1683,15.0000,COMPLED
5.000,45.1791,47.7730,15.0000,COMPLED,36.5510,44.0866,15.0000,COMPLED,53.3720,52.3527,15.0000,COMPLED,60.7768,58.0947,15.0000,COMPLED,67.3957,64.6641,15.0000,COMPLED,72.9337,72.2207,15.0000,COMPLED,77.6231,80.3373,15.0000,COMPLED,81.0345,89.0404,15.0000,COMPLED,83.5152,98.0915,15.0000,COMPLED,84.6506,107.4027,15.0000,COMPLED,83.5344,126.0995,15.0000,COMPLED,27.4705,41.7667,15.0000,COMPLED,18.1523,40.7289,15.0000,COMPLED,65.0017,98.5491,15.0000,COMPLED,67.2637,104.1998,15.0000,COMPLED,65.9600,110.1447,15.0000,COMPLED,60.9512,113.4329,15.0000,COMPLED,84.6585,116.7871,15.0000,COMPLED,81.1494,135.1654,15.0000,COMPLED,77.5885,143.8443,15.0000,COMPLED,60.3881,94.4885,15.0000,COMPLED,8.7659,40.7401,15.0000,COMPLED,54.8827,91.7089,15.0000,COMPLED,54.8008,113.5222,15.0000,COMPLED,48.7239,112.4361,15.0000,COMPLED,42.7284,110.9545,15.0000,COMPLED,73.2393,152.0429,15.0000,COMPLED,67.4755,159.4397,15.0000,COMPLED,60.9654,166.1978,15.0000,COMPLED,53.6485,172.0702,15.0000,COMPLED,49.0220,89.7720,15.0000,COMPLED,-0.5422,41.9440,15.0000,COMPLED,42.9926,88.4432,15.0000,COMPLED,36.7464,109.4184,15.0000,COMPLED,30.7158,108.0892,15.0000,COMPLED,24.5934,107.3098,15.0000,COMPLED,-2.0171,121.2043,15.0000,COMPLED,45.5985,176.8860,15.0000,COMPLED,36.8971,180.3870,15.0000,COMPLED,27.8654,182.8667,15.0000,COMPLED,30.7111,87.2343,15.0000,COMPLED,36.8744,87.6099,15.0000,COMPLED,18.4522,107.7356,15.0000,COMPLED,12.7521,110.0613,15.0000,COMPLED,7.5860,113.4386,15.0000,COMPLED,2.7266,117.2493,15.0000,COMPLED,-6.8203,125.0862,15.0000,COMPLED,-11.9085,128.5797,15.0000,COMPLED,-17.6298,130.8039,15.0000,COMPLED,18.5534,184.0437,15.0000,COMPLED,24.5379,87.3467,15.0000,COMPLED,-9.4704,44.2081,15.0000,COMPLED,18.4110,88.0923,15.0000,COMPLED,12.4260,89.6045,15.0000,COMPLED,6.6020,91.6553,15.0000,COMPLED,-26.4075,117.8539,15.0000,COMPLED,-26.5787,123.9431,15.0000,COMPLED,-23.3576,129.1226,15.0000,COMPLED,-0.0841,182.9007,15.0000,COMPLED,9.1761,184.3807,15.0000,COMPLED,0.9377,94.1145,15.0000,COMPLED,-18.0557,47.9652,15.0000,COMPLED,-4.5555,96.9351,15.0000,COMPLED,-9.8491,100.1143,15.0000,COMPLED,-14.8854,103.6862,15.0000,COMPLED,-19.5502,107.7289,15.0000,COMPLED,-23.5959,112.3849,15.0000,COMPLED,-25.8985,172.2789,15.0000,COMPLED,-17.7895,176.9923,15.0000,COMPLED,-9.2205,180.7780,15.0000,COMPLED,-33.6060,58.3653,15.0000,COMPLED,-26.1916,52.6326,15.0000,COMPLED,-40.1597,65.0807,15.0000,COMPLED,-45.6829,72.6468,15.0000,COMPLED,-55.8323,126.4576,15.0000,COMPLED,-53.5760,135.5617,15.0000,COMPLED,-50.0433,144.2578,15.0000,COMPLED,-45.4794,152.4266,15.0000,COMPLED,-39.9507,159.9145,15.0000,COMPLED,-33.3572,166.5942,15.0000,COMPLED,-50.3116,80.8038,15.0000,COMPLED,-53.7117,89.5447,15.0000,COMPLED,-56.2818,98.5576,15.0000,COMPLED,-57.6935,107.8006,15.0000,COMPLED,-57.1814,117.1683,15.0000,COMPLED
5.500,52.1349,47.0001,15.0000,COMPLED,43.5068,43.3137,15.0000,COMPLED,60.3277,51.5799,15.0000,COMPLED,67.7326,57.3218,15.0000,COMPLED,74.3515,63.8913,15.0000,COMPLED,79.8895,71.4479,15.0000,COMPLED,84.5789,79.5644,15.0000,COMPLED,87.9902,88.2675,15.0000,COMPLED,90.4710,97.3186,15.0000,COMPLED,91.6064,106.6298,15.0000,COMPLED,90.4901,125.3267,15.0000,COMPLED,34.4263,40.9939,15.0000,COMPLED,25.1081,39.9561,15.0000,COMPLED,73.0559,102.0444,15.0000,COMPLED,74.7763,107.9090,15.0000,COMPLED,72.9046,113.7265,15.0000,COMPLED,67.5834,116.5342,15.0000,COMPLED,91.6143,116.0142,15.0000,COMPLED,88.1051,134.3925,15.0000,COMPLED,84.5443,143.0715,15.0000,COMPLED,68.8327,97.5443,15.0000,COMPLED,15.7217,39.9673,15.0000,COMPLED,63.5956,94.2393,15.0000,COMPLED,61.4272,116.0351,15.0000,COMPLED,55.4569,114.3682,15.0000,COMPLED,49.6057,112.3137,15.0000,COMPLED,80.1951,151.2700,15.0000,COMPLED,74.4313,158.6668,15.0000,COMPLED,67.9211,165.4249,15.0000,COMPLED,60.6043,171.2974,15.0000,COMPLED,57.9228,91.7426,15.0000,COMPLED,6.4136,41.1711,15.0000,COMPLED,52.0231,89.8376,15.0000,COMPLED,43.7733,110.2062,15.0000,COMPLED,37.8726,108.3007,15.0000,COMPLED,31.8274,106.9360,15.0000,COMPLED,3.8995,118.2789,15.0000,COMPLED,52.5542,176.1131,15.0000,COMPLED,43.8529,179.6142,15.0000,COMPLED,34.8212,182.0938,15.0000,COMPLED,39.8627,87.4545,15.0000,COMPLED,45.9873,88.4195,15.0000,COMPLED,25.6482,106.7741,15.0000,COMPLED,19.7282,108.5536,15.0000,COMPLED,14.2413,111.4353,15.0000,COMPLED,9.0194,114.7794,15.0000,COMPLED,-1.2728,121.6997,15.0000,COMPLED,-6.6930,124.7048,15.0000,COMPLED,-12.6245,126.3809,15.0000,COMPLED,25.5091,183.2708,15.0000,COMPLED,33.6815,86.9764,15.0000,COMPLED,-2.5147,43.4353,15.0000,COMPLED,27.4860,87.1356,15.0000,COMPLED,21.3590,88.0747,15.0000,COMPLED,15.3413,89.5674,15.0000,COMPLED,-20.1595,112.5969,15.0000,COMPLED,-20.9132,118.6671,15.0000,COMPLED,-18.1890,124.1524,15.0000,COMPLED,6.8717,182.1279,15.0000,COMPLED,16.1319,183.6079,15.0000,COMPLED,9.4444,91.4837,15.0000,COMPLED,-11.0999,47.1923,15.0000,COMPLED,3.6837,93.7776,15.0000,COMPLED,-1.9116,96.4490,15.0000,COMPLED,-7.2873,99.5376,15.0000,COMPLED,-12.3367,103.1323,15.0000,COMPLED,-16.8260,107.3993,15.0000,COMPLED,-18.9427,171.5060,15.0000,COMPLED,-10.8338,176.2194,15.0000,COMPLED,-2.2647,180.0051,15.0000,COMPLED,-26.6503,57.5925,15.0000,COMPLED,-19.2358,51.8597,15.0000,COMPLED,-33.2039,64.3079,15.0000,COMPLED,-38.7272,71.8740,15.0000,COMPLED,-48.8765,125.6847,15.0000,COMPLED,-46.6202,134.7888,15.0000,COMPLED,-43.0876,143.4850,15.0000,COMPLED,-38.5236,151.6538,15.0000,COMPLED,-32.9950,159.1416,15.0000,COMPLED,-26.4014,165.8214,15.0000,COMPLED,-43.3559,80.0309,15.0000,COMPLED,-46.7560,88.7719,15.0000,COMPLED,-49.3260,97.7847,15.0000,COMPLED,-50.7377,107.0278,15.0000,COMPLED,-50.2256,116.3954,15.0000,COMPLED
6.000,52.1349,47.0001,15.0000,COMPLED,43.5068,43.3137,15.0000,COMPLED,60.3277,51.5799,15.0000,COMPLED,67.7326,57.3218,15.0000,COMPLED,74.3515,63.8913,15.0000,COMPLED,79.8895,71.4479,15.0000,COMPLED,84.5789,79.5644,15.0000,COMPLED,87.9902,88.2675,15.0000,COMPLED,90.4710,97.3186,15.0000,COMPLED,91.6064,106.6298,15.0000,COMPLED,90.4901,125.3267,15.0000,COMPLED,34.4263,40.9939,15.0000,COMPLED,25.1081,39.9561,15.0000,COMPLED,73.0559,102.0444,15.0000,COMPLED,74.7763,107.9090,15.0000,COMPLED,72.9046,113.7265,15.0000,COMPLED,67.5834,116.5342,15.0000,COMPLED,91.6143,116.0142,15.0000,COMPLED,88.1051,134.3925,15.0000,COMPLED,84.5443,143.0715,15.0000,COMPLED,68.8327,97.5443,15.0000,COMPLED,15.7217,39.9673,15.0000,COMPLED,63.5956,94.2393,15.0000,COMPLED,61.4272,116.0351,15.0000,COMPLED,55.4569,114.3682,15.0000,COMPLED,49.6057,112.3137,15.0000,COMPLED,80.1951,151.2700,15.0000,COMPLED,74.4313,158.6668,15.0000,COMPLED,67.9211,165.4249,15.0000,COMPLED,60.6043,171.2974,15.0000,COMPLED,57.9228,91.7426,15.0000,COMPLED,6.4136,41.1711,15.0000,COMPLED,52.0231,89.8376,15.0000,COMPLED,43.7733,110.2062,15.0000,COMPLED,37.8726,108.3007,15.0000,COMPLED,31.8274,106.9360,15.0000,COMPLED,3.8995,118.2789,15.0000,COMPLED,52.5542,176.1131,15.0000,COMPLED,43.8529,179.6142,15.0000,COMPLED,34.8212,182.0938,15.0000,COMPLED,39.8627,87.4545,15.0000,COMPLED,45.9873,88.4195,15.0000,COMPLED,25.6482,106.7741,15.0000,COMPLED,19.7282,108.5536,15.0000,COMPLED,14.2413,111.4353,15.0000,COMPLED,9.0194,114.7794,15.0000,COMPLED,-1.2728,121.6997,15.0000,COMPLED,-6.6930,124.7048,15.0000,COMPLED,-12.6245,126.3809,15.0000,COMPLED,25.5091,183.2708,15.0000,COMPLED,33.6815,86.9764,15.0000,COMPLED,-2.5147,43.4353,15.0000,COMPLED,27.4860,87.1356,15.0000,COMPLED,21.3590,88.0747,15.0000,COMPLED,15.3413,89.5674,15.0000,COMPLED,-20.1595,112.5969,15.0000,COMPLED,-20.9132,118.6671,15.0000,COMPLED,-18.1890,124.1524,15.0000,COMPLED,6.8717,182.1279,15.0000,COMPLED,16.1319,183.6079,15.0000,COMPLED,9.4444,91.4837,15.0000,COMPLED,-11.0999,47.1923,15.0000,COMPLED,3.6837,93.7776,15.0000,COMPLED,-1.9116,96.4490,15.0000,COMPLED,-7.2873,99.5376,15.0000,COMPLED,-12.3367,103.1323,15.0000,COMPLED,-16.8260,107.3993,15.0000,COMPLED,-18.9427,171.5060,15.0000,COMPLED,-10.8338,176.2194,15.0000,COMPLED,-2.2647,180.0051,15.0000,COMPLED,-26.6503,57.5925,15.0000,COMPLED,-19.2358,51.8597,15.0000,COMPLED,-33.2039,64.3079,15.0000,COMPLED,-38.7272,71.8740,15.0000,COMPLED,-48.8765,125.6847,15.0000,COMPLED,-46.6202,134.7888,15.0000,COMPLED,-43.0876,143.4850,15.0000,COMPLED,-38.5236,151.6538,15.0000,COMPLED,-32.9950,159.1416,15.0000,COMPLED,-26.4014,165.8214,15.0000,COMPLED,-43.3559,80.0309,15.0000,COMPLED,-46.7560,88.7719,15.0000,COMPLED,-49.3260,97.7847,15.0000,COMPLED,-50.7377,107.0278,15.0000,COMPLED,-50.2256,116.3954,15.0000,COMPLED
6.500,52.1349,47.0001,15.0000,COMPLED,43.5068,43.3137,15.0000,COMPLED,60.3277,51.5799,15.0000,COMPLED,67.7326,57.3218,15.0000,COMPLED,74.3515,63.8913,15.0000,COMPLED,79.8895,71.4479,15.0000,COMPLED,84.5789,79.5644,15.0000,COMPLED,87.9902,88.2675,15.0000,COMPLED,90.4710,97.3186,15.0000,COMPLED,91.6064,106.6298,15.0000,COMPLED,90.4901,125.3267,15.0000,COMPLED,34.4263,40.9939,15.0000,COMPLED,25.1081,39.9561,15.0000,COMPLED,73.0559,102.0444,15.0000,COMPLED,74.7763,107.9090,15.0000,COMPLED,72.9046,113.7265,15.0000,COMPLED,67.5834,116.5342,15.0000,COMPLED,91.6143,116.0142,15.0000,COMPLED,88.1051,134.3925,15.0000,COMPLED,84.5443,143.0715,15.0000,COMPLED,68.8327,97.5443,15.0000,COMPLED,15.7217,39.9673,15.0000,COMPLED,63.5956,94.2393,15.0000,COMPLED,61.4272,116.0351,15.0000,COMPLED,55.4569,114.3682,15.0000,COMPLED,49.6057,112.3137,15.0000,COMPLED,80.1951,151.2700,15.0000,COMPLED,74.4313,158.6668,15.0000,COMPLED,67.9211,165.4249,15.0000,COMPLED,60.6043,171.2974,15.0000,COMPLED,57.9228,91.7426,15.0000,COMPLED,6.4136,41.1711,15.0000,COMPLED,52.0231,89.8376,15.0000,COMPLED,43.7733,110.2062,15.0000,COMPLED,37.8726,108.3007,15.0000,COMPLED,31.8274,106.9360,15.0000,COMPLED,3.8995,118.2789,15.0000,COMPLED,52.5542,176.1131,15.0000,COMPLED,43.8529,179.6142,15.0000,COMPLED,34.8212,182.0938,15.0000,COMPLED,39.8627,87.4545,15.0000,COMPLED,45.9873,88.4195,15.0000,COMPLED,25.6482,106.7741,15.0000,COMPLED,19.7282,108.5536,15.0000,COMPLED,14.2413,111.4353,15.0000,COMPLED,9.0194,114.7794,15.0000,COMPLED,-1.2728,121.6997,15.0000,COMPLED,-6.6930,124.7048,15.0000,COMPLED,-12.6245,126.3809,15.0000,COMPLED,25.5091,183.2708,15.0000,COMPLED,33.6815,86.9764,15.0000,COMPLED,-2.5147,43.4353,15.0000,COMPLED,27.4860,87.1356,15.0000,COMPLED,21.3590,88.0747,15.0000,COMPLED,15.3413,89.5674,15.0000,COMPLED,-20.1595,112.5969,15.0000,COMPLED,-20.9132,118.6671,15.0000,COMPLED,-18.1890,124.1524,15.0000,COMPLED,6.8717,182.1279,15.0000,COMPLED,16.1319,183.6079,15.0000,COMPLED,9.4444,91.4837,15.0000,COMPLED,-11.0999,47.1923,15.0000,COMPLED,3.6837,93.7776,15.0000,COMPLED,-1.9116,96.4490,15.0000,COMPLED,-7.2873,99.5376,15.0000,COMPLED,-12.3367,103.1323,15.0000,COMPLED,-16.8260,107.3993,15.0000,COMPLED,-18.9427,171.5060,15.0000,COMPLED,-10.8338,176.2194,15.0000,COMPLED,-2.2647,180.0051,15.0000,COMPLED,-26.6503,57.5925,15.0000,COMPLED,-19.2358,51.8597,15.0000,COMPLED,-33.2039,64.3079,15.0000,COMPLED,-38.7272,71.8740,15.0000,COMPLED,-48.8765,125.6847,15.0000,COMPLED,-46.6202,134.7888,15.0000,COMPLED,-43.0876,143.4850,15.0000,COMPLED,-38.5236,151.6538,15.0000,COMPLED,-32.9950,159.1416,15.0000,COMPLED,-26.4014,165.8214,15.0000,COMPLED,-43.3559,80.0309,15.0000,COMPLED,-46.7560,88.7719,15.0000,COMPLED,-49.3260,97.7847,15.0000,COMPLED,-50.7377,107.0278,15.0000,COMPLED,-50.2256,116.3954,15.0000,COMPLED
7.000,52.1349,47.0001,15.0000,COMPLED,43.5068,43.3137,15.0000,COMPLED,60.3277,51.5799,15.0000,COMPLED,67.7326,57.3218,15.0000,COMPLED,74.3515,63.8913,15.0000,COMPLED,79.8895,71.4479,15.0000,COMPLED,84.5789,79.5644,15.0000,COMPLED,87.9902,88.2675,15.0000,COMPLED,90.4710,97.3186,15.0000,COMPLED,91.6064,106.6298,15.0000,COMPLED,90.4901,125.3267,15.0000,COMPLED,34.4263,40.9939,15.0000,COMPLED,25.1081,39.9561,15.0000,COMPLED,73.0559,102.0444,15.0000,COMPLED,74.7763,107.9090,15.0000,COMPLED,72.9046,113.7265,15.0000,COMPLED,67.5834,116.5342,15.0000,COMPLED,91.6143,116.0142,15.0000,COMPLED,88.1051,134.3925,15.0000,COMPLED,84.5443,143.0715,15.0000,COMPLED,68.8327,97.5443,15.0000,COMPLED,15.7217,39.9673,15.0000,COMPLED,63.5956,94.2393,15.0000,COMPLED,61.4272,116.0351,15.0000,COMPLED,55.4569,114.3682,15.0000,COMPLED,49.6057,112.3137,15.0000,COMPLED,80.1951,151.2700,15.0000,COMPLED,74.4313,158.6668,15.0000,COMPLED,67.9211,165.4249,15.0000,COMPLED,60.6043,171.2974,15.0000,COMPLED,57.9228,91.7426,15.0000,COMPLED,6.4136,41.1711,15.0000,COMPLED,52.0231,89.8376,15.0000,COMPLED,43.7733,110.2062,15.0000,COMPLED,37.8726,108.3007,15.0000,COMPLED,31.8274,106.9360,15.0000,COMPLED,3.8995,118.2789,15.0000,COMPLED,52.5542,176.1131,15.0000,COMPLED,43.8529,179.6142,15.0000,COMPLED,34.8212,182.0938,15.0000,COMPLED,39.8627,87.4545,15.0000,COMPLED,45.9873,88.4195,15.0000,COMPLED,25.6482,106.7741,15.0000,COMPLED,19.7282,108.5536,15.0000,COMPLED,14.2413,111.4353,15.0000,COMPLED,9.0194,114.7794,15.0000,COMPLED,-1.2728,121.6997,15.0000,COMPLED,-6.6930,124.7048,15.0000,COMPLED,-12.6245,126.3809,15.0000,COMPLED,25.5091,183.2708,15.0000,COMPLED,33.6815,86.9764,15.0000,COMPLED,-2.5147,43.4353,15.0000,COMPLED,27.4860,87.1356,15.0000,COMPLED,21.3590,88.0747,15.0000,COMPLED,15.3413,89.5674,15.0000,COMPLED,-20.1595,112.5969,15.0000,COMPLED,-20.9132,118.6671,15.0000,COMPLED,-18.1890,124.1524,15.0000,COMPLED,6.8717,182.1279,15.0000,COMPLED,16.1319,183.6079,15.0000,COMPLED,9.4444,91.4837,15.0000,COMPLED,-11.0999,47.1923,15.0000,COMPLED,3.6837,93.7776,15.0000,COMPLED,-1.9116,96.4490,15.0000,COMPLED,-7.2873,99.5376,15.0000,COMPLED,-12.3367,103.1323,15.0000,COMPLED,-16.8260,107.3993,15.0000,COMPLED,-18.9427,171.5060,15.0000,COMPLED,-10.8338,176.2194,15.0000,COMPLED,-2.2647,180.0051,15.0000,COMPLED,-26.6503,57.5925,15.0000,COMPLED,-19.2358,51.8597,15.0000,COMPLED,-33.2039,64.3079,15.0000,COMPLED,-38.7272,71.8740,15.0000,COMPLED,-48.8765,125.6847,15.0000,COMPLED,-46.6202,134.7888,15.0000,COMPLED,-43.0876,143.4850,15.0000,COMPLED,-38.5236,151.6538,15.0000,COMPLED,-32.9950,159.1416,15.0000,COMPLED,-26.4014,165.8214,15.0000,COMPLED,-43.3559,80.0309,15.0000,COMPLED,-46.7560,88.7719,15.0000,COMPLED,-49.3260,97.7847,15.0000,COMPLED,-50.7377,107.0278,15.0000,COMPLED,-50.2256,116.3954,15.0000,COMPLED
7.500,42.8446,41.0796,14.5605,FOLLOW,34.3867,37.1179,15.1300,FOLLOW,50.9998,45.7306,15.5699,FOLLOW,58.4965,51.3714,15.9190,FOLLOW,65.2722,57.7500,16.1948,FOLLOW,71.0380,65.0265,16.4209,FOLLOW,75.9870,72.8403,16.6114,FOLLOW,79.7071,81.2045,16.7793,FOLLOW,82.5211,89.9175,16.9279,FOLLOW,84.0299,98.8803,17.0662,FOLLOW,83.5223,116.9262,16.6343,FOLLOW,25.5276,34.5078,14.4072,FOLLOW,17.0830,32.3881,15.1803,FOLLOW,65.9410,93.6946,16.2008,FOLLOW,67.8523,99.4323,16.4142,FOLLOW,66.1886,105.1180,16.6117,FOLLOW,61.2622,107.5890,16.3661,FOLLOW,84.2248,107.9533,16.4745,FOLLOW,81.5880,125.6660,16.7872,FOLLOW,78.3220,134.0796,16.5077,FOLLOW,61.7242,89.1587,15.9689,FOLLOW,8.7913,31.3804,15.2046,FOLLOW,56.6250,85.7121,15.7057,FOLLOW,55.4453,106.8276,16.1415,FOLLOW,49.7896,104.9370,15.9059,FOLLOW,44.0868,102.8710,16.5050,FOLLOW,74.4529,141.9897,16.6659,FOLLOW,69.0133,149.1257,16.2285,FOLLOW,63.0277,155.6261,16.3996,FOLLOW,56.2516,161.2708,16.5699,FOLLOW,51.1899,83.0063,15.4072,FOLLOW,1.2334,31.4227,15.2218,FOLLOW,45.4066,81.0368,15.7712,FOLLOW,38.5879,100.5417,16.2718,FOLLOW,33.0770,98.4059,16.0124,FOLLOW,27.5043,96.8000,15.7237,FOLLOW,2.0763,107.4637,16.3128,FOLLOW,48.5644,165.8827,16.1751,FOLLOW,40.4340,169.2267,16.5446,FOLLOW,31.9592,171.5131,16.3610,FOLLOW,34.1160,78.0330,14.6898,FOLLOW,39.7556,79.3187,15.4435,FOLLOW,21.6426,96.5773,16.3923,FOLLOW,16.3545,98.0912,16.0679,FOLLOW,11.5323,100.8636,16.7012,FOLLOW,6.5998,104.0510,16.0269,FOLLOW,-2.5213,110.8385,16.5800,FOLLOW,-7.6753,113.7731,16.2493,FOLLOW,-13.0128,115.4468,16.5238,FOLLOW,23.0448,172.6160,16.5501,FOLLOW,28.2182,77.3938,15.4764,FOLLOW,-5.5154,32.8078,15.2227,FOLLOW,22.6809,77.1990,14.6713,FOLLOW,16.9701,77.9819,15.9064,FOLLOW,11.7319,79.1347,14.6661,FOLLOW,-19.7598,101.5821,15.7411,FOLLOW,-20.7746,107.6677,16.0135,FOLLOW,-18.0296,113.1487,15.9630,FOLLOW,5.5430,171.2283,16.2073,FOLLOW,14.2375,172.8129,16.3763,FOLLOW,6.6612,80.8063,15.4999,FOLLOW,-11.9495,36.1800,15.2039,FOLLOW,1.3296,82.9903,14.6731,FOLLOW,-3.4713,85.5236,15.4804,FOLLOW,-8.1032,88.5540,15.8531,FOLLOW,-12.8675,92.1021,14.7012,FOLLOW,-16.7991,96.3606,15.4279,FOLLOW,-18.7793,160.5369,16.2974,FOLLOW,-11.2233,165.2765,16.4591,FOLLOW,-3.2060,169.1180,16.6154,FOLLOW,-24.8571,46.6936,15.1526,FOLLOW,-18.4529,40.8420,15.1782,FOLLOW,-30.2857,53.6675,14.4852,FOLLOW,-35.2312,61.4180,15.6580,FOLLOW,-46.3700,115.0721,16.7571,FOLLOW,-44.2139,124.0669,16.1221,FOLLOW,-41.1246,132.6933,16.3038,FOLLOW,-37.0291,140.8082,16.4690,FOLLOW,-31.9888,148.2615,16.6225,FOLLOW,-25.9125,154.9284,16.7682,FOLLOW,-39.6024,69.6968,16.0428,FOLLOW,-43.3477,78.3054,15.9058,FOLLOW,-45.9689,87.3294,16.1833,FOLLOW,-47.5502,96.5471,16.4070,FOLLOW,-47.3666,105.8469,16.5958,FOLLOW
8.000,21.7118,27.6622,13.5608,FOLLOW,13.6347,23.0819,15.4257,FOLLOW,29.7852,32.4697,16.8659,FOLLOW,37.4926,37.8767,18.0088,FOLLOW,44.6263,43.8184,18.9117,FOLLOW,50.9108,50.4558,19.6520,FOLLOW,56.4506,57.5797,20.2754,FOLLOW,60.8731,65.1716,20.8249,FOLLOW,64.4450,73.1149,21.3114,FOLLOW,66.8031,81.2845,21.7641,FOLLOW,67.6798,97.8490,20.3502,FOLLOW,5.3149,19.8506,13.0607,FOLLOW,1.1085,17.3965,15.5392,FOLLOW,49.7621,74.7342,18.9314,FOLLOW,52.1079,80.1829,19.6301,FOLLOW,50.9176,85.5683,20.2766,FOLLOW,46.8884,87.2735,19.4725,FOLLOW,67.4235,89.6487,19.8270,FOLLOW,66.7702,105.8468,20.8507,FOLLOW,64.1745,113.6567,19.9357,FOLLOW,45.5592,70.1176,18.1722,FOLLOW,-3.1213,16.6826,15.5563,FOLLOW,40.7729,66.3491,17.3104,FOLLOW,41.8424,85.9155,18.7374,FOLLOW,36.9016,83.5163,17.9660,FOLLOW,31.5362,81.4242,19.9276,FOLLOW,61.3971,120.9107,20.4535,FOLLOW,56.6946,127.4534,19.0217,FOLLOW,51.9018,133.3675,19.5817,FOLLOW,46.3551,138.4942,20.1394,FOLLOW,35.8774,63.1682,16.3333,FOLLOW,-6.7500,16.4531,15.5636,FOLLOW,30.3583,61.0523,17.5253,FOLLOW,26.7950,78.5904,19.1642,FOLLOW,22.1699,75.9307,18.3151,FOLLOW,17.6713,73.7759,17.3697,FOLLOW,-2.0706,82.8934,19.2986,FOLLOW,39.4928,142.6423,18.8468,FOLLOW,32.6604,145.6288,20.0564,FOLLOW,25.4517,147.4760,19.4556,FOLLOW,21.0438,56.6366,13.9842,FOLLOW,25.5813,58.6520,16.4522,FOLLOW,12.5320,73.4148,19.5592,FOLLOW,8.6808,74.3243,18.4969,FOLLOW,5.3707,76.8477,20.5706,FOLLOW,1.0965,79.6783,18.3626,FOLLOW,-5.3609,86.1635,20.1735,FOLLOW,-9.9093,88.9377,19.0906,FOLLOW,-13.8960,90.6058,19.9895,FOLLOW,17.4417,148.4101,20.0745,FOLLOW,15.7902,55.6308,16.5602,FOLLOW,-10.1137,16.5760,15.5639,FOLLOW,11.7492,54.6300,13.9236,FOLLOW,6.9851,55.0573,17.9684,FOLLOW,3.5199,55.4360,13.9063,FOLLOW,-18.8506,76.5575,17.4269,FOLLOW,-20.4592,82.6781,18.3187,FOLLOW,-17.6671,88.1494,18.1532,FOLLOW,2.5217,146.4657,18.9522,FOLLOW,9.9301,148.2883,19.5055,FOLLOW,0.3289,56.5502,16.6372,FOLLOW,-13.4166,17.2273,15.5560,FOLLOW,-4.0265,58.4841,13.9294,FOLLOW,-7.0197,60.7028,16.5733,FOLLOW,-9.9595,63.6006,17.7939,FOLLOW,-14.0752,67.0424,14.0213,FOLLOW,-16.7380,71.2815,16.4013,FOLLOW,-18.4077,135.6163,19.2475,FOLLOW,-12.1090,140.4153,19.7769,FOLLOW,-5.3464,144.3840,20.2883,FOLLOW,-20.8136,22.1946,15.4967,FOLLOW,-16.8756,18.7200,15.5373,FOLLOW,-23.6399,29.4974,13.3127,FOLLOW,-27.2734,37.6676,17.1558,FOLLOW,-40.6694,90.9629,20.7532,FOLLOW,-38.7414,99.7090,18.6740,FOLLOW,-36.6606,108.1763,19.2687,FOLLOW,-33.6305,116.1684,19.8094,FOLLOW,-29.7008,123.5432,20.3120,FOLLOW,-24.8009,130.1807,20.7888,FOLLOW,-31.0609,46.2232,18.4159,FOLLOW,-35.5933,54.5299,17.9668,FOLLOW,-38.3320,63.5790,18.8750,FOLLOW,-40.2999,72.7384,19.6072,FOLLOW,-40.8640,81.8838,20.2255,FOLLOW
8.500,4.0543,16.5297,12.7256,FOLLOW,2.3820,15.5202,15.5860,FOLLOW,8.5866,19.3011,18.1610,FOLLOW,16.4613,24.4255,20.1014,FOLLOW,23.9581,29.9208,21.6315,FOLLOW,30.7645,35.9124,22.8861,FOLLOW,36.8973,42.3415,23.9426,FOLLOW,42.0240,49.1576,24.8738,FOLLOW,46.3553,56.3280,25.6982,FOLLOW,49.5638,63.7021,26.4654,FOLLOW,51.8265,78.7814,24.0687,FOLLOW,-1.6000,14.9000,12.6000,COMPLED,-1.6000,14.9000,15.6000,COMPLED,33.5678,55.7874,21.6646,FOLLOW,36.3495,60.9456,22.8488,FOLLOW,35.6335,66.0295,23.9445,FOLLOW,32.5016,66.9676,22.5817,FOLLOW,50.6104,71.3555,23.1819,FOLLOW,51.9424,86.0357,24.9170,FOLLOW,50.0178,93.2406,23.3659,FOLLOW,29.3774,51.0911,20.3778,FOLLOW,-4.6000,14.9000,15.6000,COMPLED,24.9023,47.0015,18.9171,FOLLOW,28.2263,65.0123,21.3358,FOLLOW,24.0000,62.1040,20.0283,FOLLOW,18.9718,59.9861,23.3539,FOLLOW,48.3327,99.8374,24.2436,FOLLOW,44.3678,105.7859,21.8167,FOLLOW,40.7687,111.1128,22.7660,FOLLOW,36.4521,115.7207,23.7112,FOLLOW,20.5449,43.3456,17.2607,FOLLOW,-7.6000,14.9000,15.6000,COMPLED,15.2890,41.0838,19.2817,FOLLOW,14.9879,56.6473,22.0600,FOLLOW,11.2485,53.4628,20.6208,FOLLOW,7.8242,50.7579,19.0181,FOLLOW,-6.2233,58.3246,22.2886,FOLLOW,30.4152,119.4044,21.5203,FOLLOW,24.8816,122.0330,23.5706,FOLLOW,18.9399,123.4403,22.5524,FOLLOW,7.9481,35.2546,13.2773,FOLLOW,11.3845,38.0007,17.4625,FOLLOW,3.4079,50.2582,22.7308,FOLLOW,0.9954,50.5615,20.9296,FOLLOW,-0.8002,52.8351,24.4459,FOLLOW,-4.4150,55.3077,20.7017,FOLLOW,-8.2044,61.4897,23.7719,FOLLOW,-12.1464,64.1030,21.9358,FOLLOW,-14.7804,65.7655,23.4597,FOLLOW,11.8347,124.2055,23.6013,FOLLOW,3.3386,33.8814,17.6461,FOLLOW,-10.6000,14.9000,15.6000,COMPLED,0.7944,32.0724,13.1742,FOLLOW,-3.0215,32.1426,20.0349,FOLLOW,-4.7109,31.7440,13.1448,FOLLOW,-17.9399,51.5331,19.1155,FOLLOW,-20.1434,57.6888,20.6274,FOLLOW,-17.3041,63.1503,20.3464,FOLLOW,-0.5017,121.7036,21.6993,FOLLOW,5.6197,123.7646,22.6370,FOLLOW,-6.0183,32.2982,17.7771,FOLLOW,-13.6000,14.9000,15.6000,COMPLED,-9.3947,33.9805,13.1839,FOLLOW,-10.5760,35.8832,17.6686,FOLLOW,-11.8197,38.6478,19.7387,FOLLOW,-15.2852,41.9829,13.3402,FOLLOW,-16.6768,46.2025,17.3765,FOLLOW,-18.0359,110.6959,22.2000,FOLLOW,-12.9954,115.5546,23.0972,FOLLOW,-7.4883,119.6506,23.9639,FOLLOW,-19.6000,14.9000,15.6000,COMPLED,-16.6000,14.9000,15.6000,COMPLED,-19.9296,16.0545,12.6582,FOLLOW,-20.6057,17.8460,18.4107,FOLLOW,-34.9619,66.8561,24.7542,FOLLOW,-33.2630,75.3527,21.2287,FOLLOW,-32.1920,83.6605,22.2367,FOLLOW,-30.2287,91.5296,23.1531,FOLLOW,-27.4108,98.8256,24.0048,FOLLOW,-23.6884,105.4337,24.8127,FOLLOW,-22.5132,22.8144,20.7907,FOLLOW,-27.8203,30.7609,20.0326,FOLLOW,-30.6807,39.8338,21.5718,FOLLOW,-33.0382,48.9339,22.8126,FOLLOW,-34.3524,57.9238,23.8601,FOLLOW
9.000,1.4000,14.9000,12.6000,COMPLED,1.4000,14.9000,15.6000,COMPLED,1.4000,14.9000,18.6000,COMPLED,2.6489,15.6529,21.4757,FOLLOW,4.6935,17.0533,24.1666,FOLLOW,9.7752,20.8406,26.2555,FOLLOW,16.5328,26.5328,27.7619,FOLLOW,22.3966,32.5331,29.0898,FOLLOW,27.5209,38.8938,30.2656,FOLLOW,31.6163,45.4360,31.3598,FOLLOW,35.3238,58.9644,27.9394,FOLLOW,-1.6000,14.9000,12.6000,COMPLED,-1.6000,14.9000,15.6000,COMPLED,16.7012,36.1044,24.5112,FOLLOW,19.9389,40.9574,26.2006,FOLLOW,19.7186,45.7253,27.7639,FOLLOW,17.5200,45.8640,25.8195,FOLLOW,33.1079,52.3467,26.6744,FOLLOW,36.5078,65.4432,29.1496,FOLLOW,35.2821,72.0173,26.9364,FOLLOW,12.5200,31.3282,22.6754,FOLLOW,-4.6000,14.9000,15.6000,COMPLED,8.3639,26.9076,20.5913,FOLLOW,14.0452,43.2869,24.0419,FOLLOW,10.5607,39.8486,22.1766,FOLLOW,5.8826,37.7045,26.9233,FOLLOW,34.7344,77.9290,28.1887,FOLLOW,31.5373,83.2581,24.7259,FOLLOW,29.1806,87.9732,26.0803,FOLLOW,26.1445,92.0405,27.4290,FOLLOW,4.5599,22.7608,18.2275,FOLLOW,-7.6000,14.9000,15.6000,COMPLED,-0.2325,20.6041,21.0909,FOLLOW,2.6847,33.8401,25.0776,FOLLOW,-0.1352,30.1093,23.0241,FOLLOW,-2.4432,26.8310,20.7368,FOLLOW,-10.5524,32.7757,25.4057,FOLLOW,20.9666,95.2403,24.3031,FOLLOW,16.7849,97.4961,27.2284,FOLLOW,12.1617,98.4452,25.7757,FOLLOW,-3.1326,17.2421,12.6792,FOLLOW,-2.1288,18.4311,18.4241,FOLLOW,-6.1063,26.1866,26.0380,FOLLOW,-7.0197,25.8562,23.4667,FOLLOW,-7.2349,27.8681,28.4867,FOLLOW,-10.1614,29.9662,23.1406,FOLLOW,-11.1681,35.8309,27.5225,FOLLOW,-14.4778,38.2760,24.9009,FOLLOW,-15.7020,39.9327,27.0760,FOLLOW,5.9984,99.0344,27.2724,FOLLOW,-6.4685,16.8259,18.5013,FOLLOW,-10.6000,14.9000,15.6000,COMPLED,-6.8588,16.3793,12.6507,FOLLOW,-9.9385,16.3679,21.4634,FOLLOW,-10.1125,16.2573,12.6451,FOLLOW,-16.9900,25.5082,20.8769,FOLLOW,-19.8142,31.7005,23.0343,FOLLOW,-16.9257,37.1518,22.6323,FOLLOW,-3.6489,95.9517,24.5588,FOLLOW,1.1329,98.2609,25.8966,FOLLOW,-10.2181,16.3134,18.5314,FOLLOW,-13.6000,14.9000,15.6000,COMPLED,-13.2198,16.5877,12.6528,FOLLOW,-13.2999,16.9448,18.5076,FOLLOW,-13.3923,17.6325,21.3828,FOLLOW,-16.4102,18.7692,12.7068,FOLLOW,-16.6149,20.9443,18.3620,FOLLOW,-17.6487,84.7791,25.2738,FOLLOW,-13.9181,89.6999,26.5538,FOLLOW,-9.7180,93.9285,27.7902,FOLLOW,-19.6000,14.9000,15.6000,COMPLED,-16.6000,14.9000,15.6000,COMPLED,-19.6000,14.9000,12.6000,COMPLED,-19.6000,14.9000,18.6000,COMPLED,-29.0151,41.7890,28.9230,FOLLOW,-27.5561,50.0247,23.8899,FOLLOW,-27.5380,58.1659,25.3277,FOLLOW,-26.6863,65.9065,26.6349,FOLLOW,-25.0264,73.1203,27.8497,FOLLOW,-22.5301,79.6976,29.0022,FOLLOW,-19.6000,14.9000,21.6000,COMPLED,-23.0103,16.1099,21.3109,FOLLOW,-23.7089,18.2825,24.0291,FOLLOW,-25.4636,24.1855,26.1560,FOLLOW,-27.5651,33.0109,27.6486,FOLLOW
9.500,1.4000,14.9000,12.6000,COMPLED,1.4000,14.9000,15.6000,COMPLED,1.4000,14.9000,18.6000,COMPLED,1.4000,14.9000,21.6000,COMPLED,1.4000,14.9000,24.6000,COMPLED,1.4000,14.9000,27.6000,COMPLED,2.9000,16.0162,30.3187,FOLLOW,4.9305,17.8247,32.8416,FOLLOW,9.3743,22.1724,34.6662,FOLLOW,14.3300,27.9034,36.0739,FOLLOW,19.4345,39.9284,31.6663,FOLLOW,-1.6000,14.9000,12.6000,COMPLED,-1.6000,14.9000,15.6000,COMPLED,1.5598,18.5205,27.0667,FOLLOW,4.1203,21.7718,29.4316,FOLLOW,4.3836,26.2288,31.4441,FOLLOW,3.0818,25.5966,28.9399,FOLLOW,16.2540,34.0928,30.0374,FOLLOW,21.6482,45.6580,33.2246,FOLLOW,21.0965,51.6225,30.3736,FOLLOW,0.0068,16.7321,24.3810,FOLLOW,-4.6000,14.9000,15.6000,COMPLED,-0.7708,15.8627,21.5161,FOLLOW,0.3726,22.4221,26.6511,FOLLOW,-1.7689,19.5174,24.1475,FOLLOW,-5.4901,18.4292,30.0246,FOLLOW,21.6442,56.8732,31.9863,FOLLOW,19.1867,61.6049,27.5263,FOLLOW,18.0261,65.7302,29.2706,FOLLOW,16.2226,69.2763,31.0076,FOLLOW,-1.6000,14.9000,18.6000,COMPLED,-7.6000,14.9000,15.6000,COMPLED,-4.6000,14.9000,21.6000,COMPLED,-6.4331,17.0116,27.3138,FOLLOW,-6.9408,16.2064,24.4608,FOLLOW,-7.6000,14.9000,21.6000,COMPLED,-13.3138,16.5419,27.3939,FOLLOW,11.8717,72.0099,26.9817,FOLLOW,8.9912,73.9063,30.7494,FOLLOW,5.6370,74.4138,28.8785,FOLLOW,-4.6000,14.9000,12.6000,COMPLED,-4.6000,14.9000,18.6000,COMPLED,-10.6000,14.9000,27.6000,COMPLED,-10.6000,14.9000,24.6000,COMPLED,-10.3404,15.8638,30.4370,FOLLOW,-13.3152,16.1114,24.4791,FOLLOW,-13.3306,17.1812,30.2591,FOLLOW,-16.3292,17.8449,27.2556,FOLLOW,-16.4725,18.4157,30.0996,FOLLOW,0.3803,74.8334,30.8062,FOLLOW,-7.6000,14.9000,18.6000,COMPLED,-10.6000,14.9000,15.6000,COMPLED,-7.6000,14.9000,12.6000,COMPLED,-10.6000,14.9000,21.6000,COMPLED,-10.6000,14.9000,12.6000,COMPLED,-16.6000,14.9000,21.6000,COMPLED,-19.6188,16.3382,24.4626,FOLLOW,-16.6384,17.4851,24.3681,FOLLOW,-6.6789,71.1910,27.3117,FOLLOW,-3.1863,73.7395,29.0345,FOLLOW,-10.6000,14.9000,18.6000,COMPLED,-13.6000,14.9000,15.6000,COMPLED,-13.6000,14.9000,12.6000,COMPLED,-13.6000,14.9000,18.6000,COMPLED,-13.6000,14.9000,21.6000,COMPLED,-16.6000,14.9000,12.6000,COMPLED,-16.6000,14.9000,18.6000,COMPLED,-17.2759,59.8597,28.2336,FOLLOW,-14.8066,64.8402,29.8819,FOLLOW,-11.8646,69.1966,31.4739,FOLLOW,-19.6000,14.9000,15.6000,COMPLED,-16.6000,14.9000,15.6000,COMPLED,-19.6000,14.9000,12.6000,COMPLED,-19.6000,14.9000,18.6000,COMPLED,-23.6933,19.4421,32.6536,FOLLOW,-22.0527,25.6753,26.4563,FOLLOW,-23.0527,33.6545,28.3068,FOLLOW,-23.2734,41.2706,29.9894,FOLLOW,-22.7297,48.4049,31.5532,FOLLOW,-21.4146,54.9524,33.0367,FOLLOW,-19.6000,14.9000,21.6000,COMPLED,-22.6000,14.9000,21.4200,COMPLED,-22.6000,14.9000,24.4200,COMPLED,-22.6000,14.9000,27.4200,COMPLED,-23.0834,16.6265,30.1502,FOLLOW
10.000,1.4000,14.9000,12.6000,COMPLED,1.4000,14.9000,15.6000,COMPLED,1.4000,14.9000,18.6000,COMPLED,1.4000,14.9000,21.6000,COMPLED,1.4000,14.9000,24.6000,COMPLED,1.4000,14.9000,27.6000,COMPLED,1.4000,14.9000,30.6000,COMPLED,1.4000,14.9000,33.6000,COMPLED,1.4000,14.9000,36.6000,COMPLED,2.6404,16.1106,39.2617,FOLLOW,3.5696,21.0046,35.3875,FOLLOW,-1.6000,14.9000,12.6000,COMPLED,-1.6000,14.9000,15.6000,COMPLED,-1.6000,14.9000,27.6000,COMPLED,-1.6000,14.9000,30.6000,COMPLED,-3.8816,15.7695,33.4276,FOLLOW,-4.6000,14.9000,30.6000,COMPLED,1.1409,17.8071,33.0531,FOLLOW,6.7567,25.8985,37.3083,FOLLOW,6.8845,31.2473,33.8173,FOLLOW,-1.6000,14.9000,24.6000,COMPLED,-4.6000,14.9000,15.6000,COMPLED,-1.6000,14.9000,21.6000,COMPLED,-4.6000,14.9000,27.6000,COMPLED,-4.6000,14.9000,24.6000,COMPLED,-7.6000,14.9000,30.6000,COMPLED,8.5315,35.8326,35.7904,FOLLOW,6.8160,39.9639,30.3313,FOLLOW,6.8541,43.4967,32.4659,FOLLOW,6.2856,46.5197,34.5917,FOLLOW,-1.6000,14.9000,18.6000,COMPLED,-7.6000,14.9000,15.6000,COMPLED,-4.6000,14.9000,21.6000,COMPLED,-7.6000,14.9000,27.6000,COMPLED,-7.6000,14.9000,24.6000,COMPLED,-7.6000,14.9000,21.6000,COMPLED,-13.6000,14.9000,27.6000,COMPLED,2.7630,48.7853,29.6644,FOLLOW,1.1858,50.3212,34.2756,FOLLOW,-0.8978,50.3859,31.9861,FOLLOW,-4.6000,14.9000,12.6000,COMPLED,-4.6000,14.9000,18.6000,COMPLED,-10.6000,14.9000,27.6000,COMPLED,-10.6000,14.9000,24.6000,COMPLED,-10.6000,14.9000,30.6000,COMPLED,-13.6000,14.9000,24.6000,COMPLED,-13.6000,14.9000,30.6000,COMPLED,-16.6000,14.9000,27.6000,COMPLED,-16.6000,14.9000,30.6000,COMPLED,-5.2466,50.6353,34.3456,FOLLOW,-7.6000,14.9000,18.6000,COMPLED,-10.6000,14.9000,15.6000,COMPLED,-7.6000,14.9000,12.6000,COMPLED,-10.6000,14.9000,21.6000,COMPLED,-10.6000,14.9000,12.6000,COMPLED,-16.6000,14.9000,21.6000,COMPLED,-19.6000,14.9000,24.6000,COMPLED,-16.6000,14.9000,24.6000,COMPLED,-9.7141,46.4316,30.0694,FOLLOW,-7.5126,49.2200,32.1776,FOLLOW,-10.6000,14.9000,18.6000,COMPLED,-13.6000,14.9000,15.6000,COMPLED,-13.6000,14.9000,12.6000,COMPLED,-13.6000,14.9000,18.6000,COMPLED,-13.6000,14.9000,21.6000,COMPLED,-16.6000,14.9000,12.6000,COMPLED,-16.6000,14.9000,18.6000,COMPLED,-16.9023,34.9410,31.2001,FOLLOW,-15.6968,39.9815,33.2166,FOLLOW,-14.0151,44.4661,35.1643,FOLLOW,-19.6000,14.9000,15.6000,COMPLED,-16.6000,14.9000,15.6000,COMPLED,-19.6000,14.9000,12.6000,COMPLED,-19.6000,14.9000,18.6000,COMPLED,-22.6000,14.9000,33.4200,COMPLED,-19.6000,14.9000,27.6000,COMPLED,-19.9403,16.7119,30.3740,FOLLOW,-20.1793,19.0188,33.0306,FOLLOW,-20.4264,23.6984,35.2674,FOLLOW,-20.2963,30.2090,37.0816,FOLLOW,-19.6000,14.9000,21.6000,COMPLED,-22.6000,14.9000,21.4200,COMPLED,-22.6000,14.9000,24.4200,COMPLED,-22.6000,14.9000,27.4200,COMPLED,-22.6000,14.9000,30.4200,COMPLED
10.500,1.4000,14.9000,12.6000,COMPLED,1.4000,14.9000,15.6000,COMPLED,1.4000,14.9000,18.6000,COMPLED,1.4000,14.9000,21.6000,COMPLED,1.4000,14.9000,24.6000,COMPLED,1.4000,14.9000,27.6000,COMPLED,1.4000,14.9000,30.6000,COMPLED,1.4000,14.9000,33.6000,COMPLED,1.4000,14.9000,36.6000,COMPLED,1.4000,14.9000,39.6000,COMPLED,-1.6000,14.9000,36.6000,COMPLED,-1.6000,14.9000,12.6000,COMPLED,-1.6000,14.9000,15.6000,COMPLED,-1.6000,14.9000,27.6000,COMPLED,-1.6000,14.9000,30.6000,COMPLED,-4.6000,14.9000,33.6000,COMPLED,-4.6000,14.9000,30.6000,COMPLED,-1.6000,14.9000,33.6000,COMPLED,-1.6000,14.9000,39.6000,COMPLED,-3.5262,16.3912,36.3398,FOLLOW,-1.6000,14.9000,24.6000,COMPLED,-4.6000,14.9000,15.6000,COMPLED,-1.6000,14.9000,21.6000,COMPLED,-4.6000,14.9000,27.6000,COMPLED,-4.6000,14.9000,24.6000,COMPLED,-7.6000,14.9000,30.6000,COMPLED,-2.9544,17.4846,39.1226,FOLLOW,-5.2126,19.0096,33.0587,FOLLOW,-4.5769,20.8363,35.7354,FOLLOW,-4.0717,22.8854,38.3274,FOLLOW,-1.6000,14.9000,18.6000,COMPLED,-7.6000,14.9000,15.6000,COMPLED,-4.6000,14.9000,21.6000,COMPLED,-7.6000,14.9000,27.6000,COMPLED,-7.6000,14.9000,24.6000,COMPLED,-7.6000,14.9000,21.6000,COMPLED,-13.6000,14.9000,27.6000,COMPLED,-6.7368,24.6432,32.4622,FOLLOW,-6.9544,25.8016,37.9530,FOLLOW,-7.7136,25.4034,35.2274,FOLLOW,-4.6000,14.9000,12.6000,COMPLED,-4.6000,14.9000,18.6000,COMPLED,-10.6000,14.9000,27.6000,COMPLED,-10.6000,14.9000,24.6000,COMPLED,-10.6000,14.9000,30.6000,COMPLED,-13.6000,14.9000,24.6000,COMPLED,-13.6000,14.9000,30.6000,COMPLED,-16.6000,14.9000,27.6000,COMPLED,-16.6000,14.9000,30.6000,COMPLED,-11.1155,25.4748,38.0372,FOLLOW,-7.6000,14.9000,18.6000,COMPLED,-10.6000,14.9000,15.6000,COMPLED,-7.6000,14.9000,12.6000,COMPLED,-10.6000,14.9000,21.6000,COMPLED,-10.6000,14.9000,12.6000,COMPLED,-16.6000,14.9000,21.6000,COMPLED,-19.6000,14.9000,24.6000,COMPLED,-16.6000,14.9000,24.6000,COMPLED,-12.8083,21.2803,32.8807,FOLLOW,-12.0262,23.7236,35.4566,FOLLOW,-10.6000,14.9000,18.6000,COMPLED,-13.6000,14.9000,15.6000,COMPLED,-13.6000,14.9000,12.6000,COMPLED,-13.6000,14.9000,18.6000,COMPLED,-13.6000,14.9000,21.6000,COMPLED,-16.6000,14.9000,12.6000,COMPLED,-16.6000,14.9000,18.6000,COMPLED,-16.6283,16.7378,33.3755,FOLLOW,-16.4844,18.0728,36.1668,FOLLOW,-16.1434,20.0809,38.8164,FOLLOW,-19.6000,14.9000,15.6000,COMPLED,-16.6000,14.9000,15.6000,COMPLED,-19.6000,14.9000,12.6000,COMPLED,-19.6000,14.9000,18.6000,COMPLED,-22.6000,14.9000,33.4200,COMPLED,-19.6000,14.9000,27.6000,COMPLED,-19.6000,14.9000,30.6000,COMPLED,-19.6000,14.9000,33.6000,COMPLED,-19.6000,14.9000,36.6000,COMPLED,-19.6519,16.0048,39.4122,FOLLOW,-19.6000,14.9000,21.6000,COMPLED,-22.6000,14.9000,21.4200,COMPLED,-22.6000,14.9000,24.4200,COMPLED,-22.6000,14.9000,27.4200,COMPLED,-22.6000,14.9000,30.4200,COMPLED
